trade_date,sentiment_bucket,trades,unique_accounts,total_volume_usd,total_pnl,avg_trade_size_usd,long_ratio,short_ratio
2023-05-01,Greed,3,1,477.0,0.0,159.0,1.0,0.0
2023-12-05,Greed,9,1,50005.83,0.0,5556.203333333334,0.7777777777777778,0.2222222222222222
2023-12-14,Greed,11,1,113203.35,-205.43473700000007,10291.213636363636,0.6363636363636364,0.36363636363636365
2023-12-15,Greed,2,1,10609.95,-24.632033999999997,5304.975,0.0,1.0
2023-12-16,Greed,3,1,15348.77,0.0,5116.256666666667,1.0,0.0
2023-12-17,Greed,14,1,116278.02,304.982785,8305.572857142857,1.0,0.0
2023-12-18,Greed,2,1,31164.179999999997,0.0,15582.089999999998,1.0,0.0
2023-12-19,Greed,15,1,91602.41,1000.5386120000001,6106.827333333334,1.0,0.0
2023-12-20,Greed,18,1,141636.79,162.732282,7868.710555555556,1.0,0.0
2023-12-21,Greed,49,1,125233.97,537.211402,2555.795306122449,1.0,0.0
2023-12-22,Greed,10,1,88874.28,141.832675,8887.428,1.0,0.0
2023-12-23,Greed,13,1,78438.25,146.936704,6033.711538461538,1.0,0.0
2023-12-24,Greed,39,1,402954.94,1008.619956,10332.177948717948,0.8205128205128205,0.1794871794871795
2023-12-25,Greed,3,1,59948.51,-245.081348,19982.836666666666,1.0,0.0
2023-12-27,Greed,28,1,171411.06,-704.8892269999999,6121.823571428571,1.0,0.0
2023-12-28,Greed,23,1,100117.25,-970.730876,4352.923913043478,1.0,0.0
2023-12-29,Greed,50,1,569559.72,508.92214299999995,11391.1944,0.74,0.26
2023-12-30,Greed,52,1,702550.21,354.998648,13510.58096153846,0.6730769230769231,0.3269230769230769
2024-01-01,Greed,18,1,264239.52999999997,-129.53146,14679.973888888888,0.7777777777777778,0.2222222222222222
2024-01-02,Greed,17,1,121348.74,783.979116,7138.1611764705885,0.0,1.0
2024-01-03,Greed,67,1,394499.36,866.015507,5888.050149253731,1.0,0.0
2024-01-04,Greed,5,1,99792.54000000001,-67.60364,19958.508,1.0,0.0
2024-01-05,Greed,66,1,1703942.66,164.141565,25817.31303030303,0.6363636363636364,0.36363636363636365
2024-01-06,Greed,22,1,298521.4,135.58166400000002,13569.154545454547,0.8636363636363636,0.13636363636363635
2024-01-07,Greed,97,1,1048850.06,-835.681235,10812.887216494846,0.8144329896907216,0.18556701030927836
2024-01-08,Greed,128,1,1522452.43,-269.874439,11894.159609375,0.6328125,0.3671875
2024-01-09,Greed,70,1,870051.97,-826.349863,12429.313857142857,0.7142857142857143,0.2857142857142857
2024-01-10,Greed,193,1,2057479.48,-1517.091342,10660.515440414507,0.533678756476684,0.46632124352331605
2024-01-11,Greed,21,2,305314.1,-164.08950099999998,14538.766666666666,0.5714285714285714,0.42857142857142855
2024-01-12,Greed,7,1,200082.27,-1925.519024,28583.181428571428,1.0,0.0
2024-01-15,Neutral,14,2,50636.1,152.85358,3616.8642857142854,1.0,0.0
2024-01-16,Greed,9,2,116427.33,-2299.171458,12936.37,1.0,0.0
2024-01-17,Greed,53,1,800831.03,813.2741110000001,15110.019433962265,0.5283018867924528,0.4716981132075472
2024-01-18,Greed,46,1,424631.52999999997,68.93319,9231.120217391304,0.45652173913043476,0.5434782608695652
2024-01-19,Neutral,48,2,428428.97,-385.419235,8925.603541666665,0.6666666666666666,0.3541666666666667
2024-01-20,Neutral,106,1,1070090.51,-146.57487000000003,10095.193490566038,0.5849056603773585,0.41509433962264153
2024-01-21,Greed,11,1,103129.74,266.58114600000005,9375.43090909091,0.36363636363636365,0.6363636363636364
2024-01-22,Greed,85,2,337878.99,1375.640959,3975.0469411764707,0.5882352941176471,0.4117647058823529
2024-01-23,Neutral,45,1,414518.93000000005,-369.2447299999998,9211.531777777778,0.6,0.4
2024-01-24,Neutral,68,1,965084.59,-2808.353815,14192.42044117647,0.6029411764705882,0.39705882352941174
2024-01-25,Neutral,6,1,66566.13,-3093.6293849999997,11094.355000000001,1.0,0.0
2024-01-26,Neutral,5,2,11773.21,90.2,2354.642,1.0,0.0
2024-01-28,Neutral,11,1,18109.03,-2478.06972,1646.2754545454545,1.0,0.0
2024-01-29,Greed,74,2,414208.18,486.562542,5597.407837837838,0.6216216216216216,0.3783783783783784
2024-01-30,Greed,49,1,401011.38,-173.65419100000003,8183.905714285715,0.3877551020408163,0.6122448979591837
2024-01-31,Greed,859,1,6305647.13,-799.840817,7340.683504074505,0.47497089639115253,0.5273573923166472
2024-02-01,Greed,6,1,2008.18,0.0,334.69666666666666,1.0,0.0
2024-02-02,Greed,42,1,474278.43,456.423473,11292.343571428572,0.6666666666666666,0.3333333333333333
2024-02-03,Greed,56,1,603820.0,223.30918699999998,10782.5,0.32142857142857145,0.6785714285714286
2024-02-04,Greed,35,1,203187.53,47.62389499999999,5805.358,0.6571428571428571,0.34285714285714286
2024-02-05,Greed,72,1,770198.26,-33.45419400000003,10697.198055555556,0.6527777777777778,0.3472222222222222
2024-02-06,Greed,1088,1,8047153.41,-215.615907,7396.280707720588,0.49724264705882354,0.5183823529411765
2024-02-07,Greed,15,1,6758.73,241.24212,450.582,0.3333333333333333,0.6666666666666666
2024-02-08,Greed,10,1,26051.12,770.756024,2605.112,0.4,0.6
2024-02-11,Greed,34,1,212311.82,983.443176,6244.465294117647,0.6470588235294118,0.35294117647058826
2024-02-12,Greed,16,1,227247.69999999998,913.8817869999998,14202.981249999999,0.25,0.75
2024-02-13,Greed,14,1,1999.99,559.44389,142.85642857142858,1.0,0.0
2024-02-14,Greed,111,2,320839.88,3830.599833,2890.4493693693694,0.6666666666666666,0.3333333333333333
2024-02-15,Greed,63,2,185188.04,1840.797677,2939.4926984126987,0.12698412698412698,0.873015873015873
2024-02-16,Greed,182,2,564896.51,5491.768834,3103.826978021978,0.33516483516483514,0.6648351648351648
2024-02-17,Greed,94,2,406118.07,1929.6418,4320.405,0.7340425531914894,0.26595744680851063
2024-02-18,Greed,97,1,157048.17,477.6248299999999,1619.0532989690723,0.845360824742268,0.15463917525773196
2024-02-19,Greed,101,2,286377.2,4317.768563,2835.417821782178,0.5643564356435643,0.44554455445544555
2024-02-20,Greed,39,2,119419.72,3263.628824,3062.0441025641026,0.7435897435897436,0.2564102564102564
2024-02-21,Greed,22,2,108047.51999999999,1858.7985700000002,4911.250909090909,1.0,0.0
2024-02-22,Greed,88,2,373033.87,3894.1050699999996,4239.02125,1.0,0.022727272727272728
2024-02-23,Greed,143,1,111106.14,1418.55293,776.966013986014,0.07692307692307693,0.9230769230769231
2024-02-25,Greed,5,1,4480.13,-30.7705,896.0260000000001,0.0,1.0
2024-02-26,Greed,39,2,192187.14,4416.8473,4927.875384615385,0.23076923076923078,0.7692307692307693
2024-02-27,Greed,63,2,209362.3,888.511733,3323.2111111111108,0.36507936507936506,0.6349206349206349
2024-02-28,Greed,45,1,171107.13,2503.747235,3802.380666666667,0.26666666666666666,0.7333333333333333
2024-02-29,Greed,116,2,395666.73,9813.996992,3410.9200862068965,0.39655172413793105,0.6120689655172413
2024-03-01,Greed,137,1,472974.7,8244.241409,3452.370072992701,0.781021897810219,0.21897810218978103
2024-03-02,Greed,31,2,63197.56,230.90060000000005,2038.6309677419354,0.06451612903225806,0.9354838709677419
2024-03-03,Greed,79,1,390745.68,8361.086245,4946.1478481012655,0.759493670886076,0.24050632911392406
2024-03-04,Greed,300,2,1577996.87,27799.775742,5259.989566666667,0.49666666666666665,0.5033333333333333
2024-03-05,Greed,180,1,841810.32,19791.026041,4676.724,0.7333333333333333,0.26666666666666666
2024-03-06,Greed,82,1,327218.02,6814.825139,3990.4636585365856,0.35365853658536583,0.6463414634146342
2024-03-08,Greed,67,1,183583.18,4271.886236,2740.047462686567,0.7164179104477612,0.2835820895522388
2024-03-09,Greed,117,1,658178.75,9949.501624,5625.459401709401,0.2222222222222222,0.7777777777777778
2024-03-10,Greed,42,1,219973.85,2482.9272,5237.472619047619,0.0,1.0
2024-03-11,Greed,42,1,176519.44999999998,3588.179495,4202.844047619047,0.6904761904761905,0.30952380952380953
2024-03-12,Greed,8,1,103040.85,3039.166,12880.10625,1.0,0.0
2024-03-13,Greed,7,1,6000.799999999999,0.0,857.2571428571428,1.0,0.0
2024-03-14,Greed,18,2,205933.18,3465.865832,11440.732222222221,1.0,0.0
2024-03-15,Greed,62,3,351894.41,6236.513651,5675.71629032258,0.6290322580645161,0.3709677419354839
2024-03-16,Greed,8,2,37223.66,228.57984,4652.9575,0.75,0.25
2024-03-17,Greed,23,3,99506.95,503.293955,4326.389130434783,0.6956521739130435,0.30434782608695654
2024-03-18,Greed,19,3,90458.08,1456.9577,4760.951578947369,1.0,0.0
2024-03-19,Greed,24,3,219884.84,668.797973,9161.868333333334,0.5833333333333334,0.4166666666666667
2024-03-20,Greed,69,2,215705.85,6423.134599,3126.171739130435,0.6521739130434783,0.34782608695652173
2024-03-21,Greed,28,3,117895.57,2335.5080749999997,4210.556071428572,0.17857142857142858,0.8214285714285714
2024-03-24,Greed,19,1,92592.20999999999,1297.018477,4873.274210526315,0.0,1.0
2024-03-25,Greed,7,1,57116.32,1302.916428,8159.4742857142855,0.8571428571428571,0.14285714285714285
2024-03-26,Greed,118,2,198565.19,3215.906593,1682.7558474576272,0.9830508474576272,0.01694915254237288
2024-03-27,Greed,38,2,99864.79,150.41114,2628.020789473684,0.631578947368421,0.3684210526315789
2024-03-28,Greed,13,2,35323.72,227.85100799999998,2717.209230769231,0.23076923076923078,0.7692307692307693
2024-03-29,Greed,15,1,86914.37,883.097404,5794.291333333333,1.0,0.0
2024-03-30,Greed,45,1,101103.92,1100.57514,2246.753777777778,1.0,0.0
2024-03-31,Greed,13,1,39912.96,912.786145,3070.2276923076925,0.7692307692307693,0.23076923076923078
2024-04-01,Greed,77,2,339470.47,2507.963406,4408.7074025974025,0.8961038961038961,0.11688311688311688
2024-04-02,Greed,41,2,239664.50999999998,883.760812,5845.475853658536,0.3902439024390244,0.6097560975609756
2024-04-03,Greed,4,2,16887.57,126.7884,4221.8925,1.0,0.0
2024-04-04,Greed,32,1,95987.73,0.0,2999.6165625,0.0,1.0
2024-04-05,Greed,100,3,503791.8,10706.484306,5037.918,0.93,0.07
2024-04-06,Greed,16,1,68223.67,236.33513399999998,4263.979375,0.25,0.75
2024-04-07,Greed,23,1,49988.14,0.0,2173.397391304348,0.0,1.0
2024-04-08,Greed,30,2,211940.64,1218.4267,7064.688,0.0,1.0
2024-04-09,Greed,3,1,57063.840000000004,0.0,19021.280000000002,0.0,1.0
2024-04-10,Greed,41,1,351735.97,5207.443414,8578.926097560974,0.14634146341463414,0.8536585365853658
2024-04-11,Greed,16,1,76400.96,389.743164,4775.06,1.0,0.0
2024-04-12,Greed,129,3,442088.59,-592.6458390000001,3427.0433333333335,0.8837209302325582,0.11627906976744186
2024-04-13,Greed,89,2,486411.25,6621.451755,5465.294943820225,0.7078651685393258,0.29213483146067415
2024-04-14,Greed,107,2,659162.17,-36104.012520000004,6160.394112149533,0.7476635514018691,0.2523364485981308
2024-04-15,Greed,41,2,291111.19,3774.08872,7100.272926829269,0.6585365853658537,0.34146341463414637
2024-04-16,Greed,47,2,181907.17,2467.702221,3870.3653191489366,0.2978723404255319,0.6595744680851063
2024-04-17,Greed,14,1,97562.99,2441.4683999999997,6968.785000000001,0.0,1.0
2024-04-19,Greed,35,1,337257.92000000004,1946.4454620000001,9635.940571428573,0.9142857142857143,0.08571428571428572
2024-04-20,Greed,22,2,60733.24,0.0,2760.601818181818,0.0,0.09090909090909091
2024-04-22,Greed,9,1,47993.61,0.0,5332.623333333333,0.0,1.0
2024-04-23,Greed,66,2,233054.9,1119.536196,3531.1348484848486,0.5606060606060606,0.45454545454545453
2024-04-24,Greed,20,1,141275.24,279.185907,7063.762,1.0,0.0
2024-04-25,Greed,74,2,120241.01,0.0,1624.8785135135136,0.08108108108108109,0.0
2024-04-26,Greed,3,1,4988.290000000001,0.0,1662.7633333333335,0.0,0.0
2024-04-27,Greed,27,1,154264.47,4281.488139,5713.498888888889,0.7037037037037037,0.2962962962962963
2024-04-28,Greed,58,2,43985.6,0.0,758.3724137931034,0.0,0.13793103448275862
2024-04-29,Greed,45,2,108699.01,526.9338359999999,2415.5335555555553,0.15555555555555556,0.5333333333333333
2024-04-30,Greed,24,1,125018.75,0.0,5209.114583333333,1.0,0.0
2024-05-01,Neutral,14,1,87025.45,0.0,6216.103571428571,1.0,0.0
2024-05-03,Neutral,36,3,282682.64999999997,5306.017045,7852.295833333333,0.5,0.3333333333333333
2024-05-04,Greed,9,2,58998.75,0.0,6555.416666666667,0.0,1.0
2024-05-05,Greed,6,2,24068.350000000002,0.916,4011.391666666667,0.0,1.0
2024-05-06,Greed,9,1,206016.43,968.59038,22890.714444444442,0.4444444444444444,0.5555555555555556
2024-05-07,Greed,18,3,108717.58,883.537693,6039.865555555556,0.2777777777777778,0.4444444444444444
2024-05-08,Greed,13,2,65973.57,1.56576,5074.89,0.9230769230769231,0.07692307692307693
2024-05-09,Greed,28,2,221966.12,1147.595856,7927.361428571428,0.7142857142857143,0.17857142857142858
2024-05-10,Greed,22,1,156882.0,2101.741695,7131.0,0.45454545454545453,0.5454545454545454
2024-05-11,Neutral,9,1,63248.95,251.604742,7027.661111111111,1.0,0.0
2024-05-12,Greed,23,2,55179.56,0.0,2399.111304347826,0.7391304347826086,0.0
2024-05-13,Greed,28,2,193118.9,2136.853859,6897.103571428571,0.5357142857142857,0.35714285714285715
2024-05-14,Greed,23,1,145853.4,1150.5233050000002,6341.452173913043,0.8260869565217391,0.17391304347826086
2024-05-15,Greed,36,1,234922.57,948.970582,6525.626944444444,0.6666666666666666,0.3333333333333333
2024-05-16,Greed,27,2,162620.96,214.5898,6022.998518518518,0.3333333333333333,0.5555555555555556
2024-05-18,Greed,25,1,126303.14,3522.3946610000003,5052.1256,0.36,0.64
2024-05-19,Greed,8,1,29998.09,0.0,3749.76125,1.0,0.0
2024-05-20,Greed,10,2,38124.75,-74.818442,3812.475,1.0,0.0
2024-05-21,Greed,125,2,1100948.59,7289.397571999999,8807.588720000002,0.256,0.744
2024-05-22,Greed,6,1,44995.29,0.0,7499.215,0.0,1.0
2024-05-23,Greed,325,3,401850.6,413.347329,1236.4633846153845,0.27692307692307694,0.7261538461538461
2024-05-24,Greed,2,1,50811.899999999994,821.949278,25405.949999999997,1.0,0.0
2024-05-25,Greed,16,2,29991.129999999997,14.126038999999999,1874.4456249999998,0.125,0.875
2024-05-26,Greed,16,2,53976.67,778.6839,3373.541875,0.125,0.875
2024-05-27,Greed,251,1,151115.72,1129.35587,602.0546613545816,0.0,1.0
2024-05-29,Greed,164,2,84268.76,277.791953,513.8339024390243,0.09146341463414634,0.8780487804878049
2024-05-30,Greed,7,1,2838.09,20.951433,405.4414285714286,0.0,1.0
2024-05-31,Greed,13,1,3636.14,25.35812,279.70307692307694,0.0,1.0
2024-06-01,Greed,25,1,12834.62,91.510419,513.3848,0.0,1.0
2024-06-02,Greed,93,1,29464.51,192.906947,316.822688172043,0.0,1.0
2024-06-03,Greed,70,1,21466.86,562.808208,306.66942857142857,0.0,1.0
2024-06-04,Greed,53,1,24243.41,52.211438,457.42283018867926,0.0,1.0
2024-06-05,Greed,54,1,25350.77,56.055506,469.4587037037037,0.0,1.0
2024-06-06,Greed,234,1,137557.76,274.173187,587.8536752136753,0.008547008547008548,0.9914529914529915
2024-06-07,Greed,440,3,1098588.76,8902.467416,2496.7926363636366,0.27045454545454545,0.6977272727272728
2024-06-08,Greed,29,2,97351.88,129.13883900000002,3356.961379310345,1.0,0.0
2024-06-09,Greed,17,2,22410.22,0.0,1318.2482352941176,0.29411764705882354,0.0
2024-06-10,Greed,53,2,46587.93,31.266804999999998,879.0175471698113,0.07547169811320754,0.9245283018867925
2024-06-11,Greed,123,3,373279.92,4320.631811,3034.7960975609753,0.43902439024390244,0.06504065040650407
2024-06-12,Greed,254,2,193407.96,-21886.531493,761.4486614173228,0.0,0.8543307086614174
2024-06-13,Greed,79,2,132577.22,6632.757115,1678.1926582278481,0.05063291139240506,0.21518987341772153
2024-06-14,Greed,31,2,139868.66,10258.592609,4511.892258064517,0.5161290322580645,0.4838709677419355
2024-06-15,Greed,78,2,718350.25,3369.958346,9209.61858974359,0.6025641025641025,0.3974358974358974
2024-06-16,Greed,11,1,25235.079999999998,0.0,2294.0981818181817,0.0,1.0
2024-06-17,Greed,38,2,368380.12,10599.502375,9694.213684210526,0.3684210526315789,0.631578947368421
2024-06-18,Greed,25,2,263314.79,282.57636,10532.5916,1.0,0.0
2024-06-19,Greed,61,3,417071.12,4887.656944,6837.231475409836,0.5573770491803278,0.06557377049180328
2024-06-20,Greed,39,3,207990.8,57478.456026,5333.097435897435,0.0,0.20512820512820512
2024-06-21,Greed,80,2,176264.49,773.5582039999999,2203.306125,0.2125,0.1875
2024-06-22,Neutral,24,2,169594.27000000002,756.876565,7066.427916666667,0.5,0.0
2024-06-23,Greed,5,1,1792.12,0.0,358.424,0.0,0.0
2024-06-24,Neutral,31,2,403002.8,0.0,13000.090322580645,0.8064516129032258,0.0
2024-06-25,Fear,49,1,103099.08,4869.353105,2104.062857142857,0.0,0.5714285714285714
2024-06-26,Neutral,72,2,365190.66000000003,4197.732182,5072.092500000001,0.2916666666666667,0.1388888888888889
2024-06-27,Fear,30,2,130486.95,0.0,4349.565,0.0,0.6
2024-06-29,Fear,75,2,280095.11,6150.326145,3734.6014666666665,0.06666666666666667,0.30666666666666664
2024-06-30,Neutral,14,2,30520.69,0.0,2180.049285714286,0.21428571428571427,0.0
2024-07-01,Neutral,64,2,362670.14999999997,5065.839308,5666.721093749999,0.34375,0.265625
2024-07-02,Neutral,18,1,33347.47,2421.253116,1852.6372222222224,0.0,0.4444444444444444
2024-07-03,Neutral,18,2,179600.66,1118.387284,9977.814444444444,0.3888888888888889,0.2222222222222222
2024-07-04,Fear,25,2,430568.01,0.0,17222.720400000002,0.88,0.0
2024-07-05,Fear,32,2,272289.89,0.0,8509.0590625,0.625,0.0
2024-07-06,Fear,24,1,2490.17,108.87217799999999,103.75708333333334,0.0,0.0
2024-07-07,Fear,10,1,498.75,61.428942,49.875,0.0,0.0
2024-07-08,Fear,1,1,497.64,0.0,497.64,0.0,0.0
2024-07-09,Fear,15,1,2736.45,648.984412,182.42999999999998,0.0,0.0
2024-07-10,Fear,56,2,687900.21,11977.734907,12283.93232142857,0.7678571428571429,0.14285714285714285
2024-07-11,Fear,19,1,169887.02,1876.812082,8941.422105263156,1.0,0.0
2024-07-12,Fear,19,2,89582.97,1412.314654,4714.893157894737,0.5263157894736842,0.47368421052631576
2024-07-13,Fear,17,2,139189.19,2913.617837,8187.599411764706,0.7647058823529411,0.0
2024-07-14,Fear,7,1,84001.13,0.0,12000.16142857143,0.0,1.0
2024-07-15,Neutral,26,2,198344.85,-1.0,7628.6480769230775,0.0,1.0
2024-07-16,Greed,22,1,144000.57,0.0,6545.480454545454,0.0,1.0
2024-07-17,Greed,351,3,626005.53,1859.269477,1783.4915384615385,0.0,1.0
2024-07-18,Greed,60,2,649704.85,3803.884311,10828.414166666666,0.2,0.8
2024-07-19,Greed,23,2,150269.42,2155.891114,6533.453043478262,0.5652173913043478,0.43478260869565216
2024-07-20,Greed,266,2,244362.21,2299.169566,918.65492481203,0.018796992481203006,0.981203007518797
2024-07-21,Greed,448,2,234307.46,-2960.716887,523.0077232142856,0.006696428571428571,0.9933035714285714
2024-07-22,Greed,154,2,304213.8,1517.119876,1975.4142857142856,0.09090909090909091,0.9155844155844156
2024-07-23,Greed,370,3,358526.54,89890.302206,968.9906486486486,0.6243243243243243,0.37567567567567567
2024-07-24,Greed,90,5,69207.93,625.561479,768.977,0.03333333333333333,0.3
2024-07-25,Greed,78,3,528555.31,916.7382600000001,6776.350128205129,0.8333333333333334,0.1282051282051282
2024-07-26,Greed,152,4,548587.65,2766.513113,3609.1292763157894,0.2565789473684211,0.7302631578947368
2024-07-27,Greed,57,2,905199.75,6400.623656,15880.697368421053,0.8947368421052632,0.08771929824561403
2024-07-28,Greed,16,2,43254.68,587.29903,2703.4175,0.1875,0.8125
2024-07-29,Greed,39,2,327199.14,330.80445399999996,8389.72153846154,0.717948717948718,0.28205128205128205
2024-07-30,Greed,6,1,36006.47,0.0,6001.078333333334,1.0,0.0
2024-07-31,Greed,43,2,84506.54,765.690884,1965.2683720930231,0.06976744186046512,0.9302325581395349
2024-08-01,Neutral,57,4,227774.53,167.080017,3996.044385964912,0.8245614035087719,0.07017543859649122
2024-08-02,Greed,63,3,396320.37,782.3681909999999,6290.799523809524,0.9206349206349206,0.047619047619047616
2024-08-03,Fear,37,5,290532.86,464.1897,7852.239459459459,0.918918918918919,0.02702702702702703
2024-08-04,Fear,127,5,1207744.07,-122672.000883,9509.795826771655,0.8976377952755905,0.0
2024-08-05,Fear,80,4,420495.4,-13013.665169,5256.1925,0.5625,0.0375
2024-08-06,Fear,107,2,61478.38,267.318048,574.5642990654205,0.04672897196261682,0.0
2024-08-07,Fear,33,3,2492.77,188.789255,75.53848484848484,0.0,0.0
2024-08-08,Fear,9,2,16299.35,-40.712216999999995,1811.038888888889,0.2222222222222222,0.0
2024-08-09,Neutral,144,5,503204.86,18082.071276,3494.4781944444444,0.25,0.5625
2024-08-10,Fear,88,2,11339.29,0.0,128.8555681818182,0.0,0.0
2024-08-11,Fear,24,2,44230.21,847.7766200000001,1842.9254166666667,0.16666666666666666,0.16666666666666666
2024-08-12,Fear,48,3,54167.32,858.6705000000001,1128.4858333333334,0.20833333333333334,0.2916666666666667
2024-08-13,Fear,23,3,20797.87,212.08102,904.2552173913043,0.17391304347826086,0.34782608695652173
2024-08-14,Fear,25,3,66710.03,2168.9015130000003,2668.4012,0.36,0.0
2024-08-15,Fear,12,1,1522.3700000000001,0.0,126.86416666666668,0.0,0.0
2024-08-16,Fear,35,2,166382.84,825.230544,4753.795428571429,0.2857142857142857,0.0
2024-08-17,Fear,30,2,30248.96,-288.283113,1008.2986666666667,0.0,0.0
2024-08-18,Fear,15,2,62804.48,307.201888,4186.965333333334,0.8,0.13333333333333333
2024-08-19,Fear,8,1,100315.03,339.69958299999996,12539.37875,1.0,0.0
2024-08-20,Fear,12,2,49914.8,192.602844,4159.566666666667,0.3333333333333333,0.6666666666666666
2024-08-21,Fear,145,2,104990.41,656.200925,724.0717931034483,0.013793103448275862,0.9862068965517241
2024-08-23,Fear,10,1,63509.56,1005.30527,6350.956,0.3,0.7
2024-08-24,Greed,7,2,34999.67,0.0,4999.952857142857,0.0,1.0
2024-08-25,Neutral,17,2,21950.28,0.0,1291.1929411764704,0.0,0.5294117647058824
2024-08-26,Greed,6,2,92611.27,231.236918,15435.211666666668,0.5,0.3333333333333333
2024-08-27,Neutral,50,2,70250.16,0.0,1405.0032,0.14,0.0
2024-08-28,Fear,9,2,71160.06999999999,1333.359645,7906.674444444444,0.7777777777777778,0.2222222222222222
2024-08-29,Fear,1,1,9995.85,0.0,9995.85,0.0,1.0
2024-08-30,Fear,6,4,37233.24,256.464,6205.54,0.5,0.16666666666666666
2024-08-31,Fear,34,3,107507.43000000001,10.882801,3161.983235294118,0.11764705882352941,0.38235294117647056
2024-09-01,Fear,12,1,12359.68,137.433093,1029.9733333333334,0.3333333333333333,0.5833333333333334
2024-09-02,Fear,2,1,30000.42,0.0,15000.21,1.0,0.0
2024-09-04,Fear,34,2,131480.97,1065.785132,3867.0873529411765,0.11764705882352941,0.14705882352941177
2024-09-05,Fear,1,1,0.84,0.0,0.84,0.0,0.0
2024-09-06,Fear,42,2,39047.1,-1104.856765,929.6928571428571,0.09523809523809523,0.0
2024-09-08,Fear,1,1,0.11,0.0,0.11,0.0,0.0
2024-09-09,Fear,2,1,4014.4300000000003,0.0,2007.2150000000001,0.0,0.0
2024-09-10,Fear,3,2,2547.28,-219.729659,849.0933333333334,0.6666666666666666,0.0
2024-09-11,Fear,1,1,0.54,0.0,0.54,0.0,0.0
2024-09-14,Neutral,11,2,1014.8000000000001,0.0,92.25454545454546,0.0,0.0
2024-09-18,Neutral,145,1,13633.5,-878.684794,94.02413793103449,0.0,0.0
2024-09-19,Neutral,19,1,1521.8700000000001,0.0,80.09842105263158,0.0,0.0
2024-09-20,Neutral,16,2,332873.38,9585.03428,20804.58625,0.75,0.25
2024-09-21,Neutral,23,1,165648.12,36165.56933,7202.092173913044,1.0,0.0
2024-09-22,Neutral,3,1,19999.739999999998,0.0,6666.579999999999,1.0,0.0
2024-09-23,Neutral,2,1,40334.29,334.760796,20167.145,1.0,0.0
2024-09-24,Neutral,10,2,7118.63,0.0,711.863,0.0,0.1
2024-09-25,Greed,9,2,52754.130000000005,0.0,5861.570000000001,0.6666666666666666,0.3333333333333333
2024-09-26,Neutral,8,2,113711.93000000001,439.812513,14213.991250000001,0.25,0.75
2024-09-27,Greed,56,2,126097.04,0.0,2251.732857142857,0.0,1.0
2024-09-28,Greed,4,1,29199.21,0.0,7299.8025,0.0,1.0
2024-09-30,Greed,106,2,214669.85,2710.626288,2025.1872641509435,0.04716981132075472,0.9528301886792453
2024-10-01,Neutral,4,1,139954.32,0.0,34988.58,1.0,0.0
2024-10-02,Fear,4,1,99954.34,0.0,24988.585,1.0,0.0
2024-10-03,Fear,9,2,132935.69,100.375782,14770.632222222222,1.0,0.0
2024-10-04,Fear,1,1,0.34,0.0,0.34,0.0,0.0
2024-10-05,Neutral,37,2,605605.74,5767.161892,16367.722702702702,0.8378378378378378,0.13513513513513514
2024-10-06,Neutral,22,1,300130.56,130.487079,13642.298181818182,0.5,0.5
2024-10-07,Neutral,21,1,219984.65,0.0,10475.459523809524,0.0,1.0
2024-10-08,Neutral,36,2,434584.13,5396.546638,12071.781388888889,0.027777777777777776,0.9166666666666666
2024-10-09,Neutral,14,1,220399.93,396.06272,15742.852142857142,1.0,0.0
2024-10-10,Fear,16,1,300024.33999999997,0.0,18751.521249999998,1.0,0.0
2024-10-11,Fear,26,2,488904.19,8885.327477,18804.007307692307,0.6923076923076923,0.2692307692307692
2024-10-12,Neutral,10,1,159713.4,541.55471,15971.34,0.2,0.8
2024-10-13,Neutral,10,1,60002.42,0.0,6000.242,1.0,0.0
2024-10-14,Neutral,5,1,61916.020000000004,1913.61958,12383.204000000002,1.0,0.0
2024-10-15,Greed,7,1,81173.36,1170.2260760000001,11596.194285714286,1.0,0.0
2024-10-16,Greed,11,1,80229.17,219.480876,7293.560909090909,1.0,0.0
2024-10-17,Greed,9,2,140531.75,36.11496,15614.638888888889,1.0,0.0
2024-10-18,Greed,6,1,120331.43000000001,333.219141,20055.238333333335,1.0,0.0
2024-10-19,Greed,4,1,99996.86,0.0,24999.215,1.0,0.0
2024-10-20,Greed,96,2,176447.86000000002,389.155797,1837.9985416666668,0.0625,0.9375
2024-10-21,Greed,173,2,324117.99,2464.915564,1873.5143930635838,0.06358381502890173,0.9364161849710982
2024-10-22,Greed,3,1,60000.36,0.0,20000.12,1.0,0.0
2024-10-23,Greed,18,1,210006.07,-46.489941,11667.003888888888,1.0,0.0
2024-10-25,Greed,30,2,427883.18,13235.862071,14262.772666666666,0.8333333333333334,0.16666666666666666
2024-10-26,Unknown,6,1,88668.86,42471.99413,14778.143333333333,0.0,1.0
2024-10-27,Greed,4,1,90664.41,666.6623079999999,22666.1025,0.75,0.25
2024-10-28,Greed,13,2,121495.25,167.28016200000002,9345.788461538461,0.07692307692307693,0.6923076923076923
2024-10-29,Greed,53,2,613267.8099999999,801.170876,11571.09075471698,0.0,1.0
2024-10-30,Greed,25,1,11830.85,9.150023,473.23400000000004,0.0,1.0
2024-10-31,Greed,48,3,896173.36,1214.043811,18670.278333333332,0.22916666666666666,0.7708333333333334
2024-11-01,Greed,23,2,260981.03,1040.475736,11347.001304347827,1.0,0.0
2024-11-02,Greed,2,1,40000.0,0.0,20000.0,1.0,0.0
2024-11-03,Greed,6,2,129055.66,0.0,21509.27666666667,1.0,0.0
2024-11-04,Greed,36,2,451811.97,2799.410474,12550.332499999999,1.0,0.0
2024-11-05,Greed,10,1,200627.23,678.4759280000001,20062.723,1.0,0.0
2024-11-06,Greed,15,2,123906.9,2817.83723,8260.46,1.0,0.0
2024-11-07,Greed,113,3,111335.3,4493.353136,985.2681415929204,0.1592920353982301,0.0
2024-11-08,Greed,39,2,270700.44,-64.41354100000007,6941.036923076923,1.0,0.0
2024-11-09,Greed,86,2,193384.41,102.90894,2248.655930232558,0.10465116279069768,0.8953488372093024
2024-11-10,Greed,173,3,413636.7,991.114334,2390.963583815029,0.05202312138728324,0.9479768786127167
2024-11-11,Greed,373,4,1570572.42,6749.630996,4210.649919571046,0.064343163538874,0.935656836461126
2024-11-12,Greed,171,4,1226354.52,3494.399394,7171.663859649123,0.4678362573099415,0.5321637426900585
2024-11-13,Greed,48,5,515336.37,7846.402274,10736.174375,0.9166666666666666,0.08333333333333333
2024-11-14,Greed,110,2,1008361.81,4563.509225,9166.925545454545,1.0,0.0
2024-11-15,Greed,149,4,1427858.42,4140.740438,9582.942416107382,0.7785234899328859,0.2214765100671141
2024-11-16,Greed,157,4,303296.07,2769.521909,1931.822101910828,0.4140127388535032,0.4840764331210191
2024-11-17,Greed,209,4,1215987.57,882.975285,5818.122344497608,0.3062200956937799,0.69377990430622
2024-11-18,Greed,346,7,2084339.58,4470.815187,6024.102832369942,0.45664739884393063,0.5057803468208093
2024-11-19,Greed,305,5,628031.15,2958.268991,2059.118524590164,0.5049180327868853,0.4852459016393443
2024-11-20,Greed,550,5,1999514.1199999999,4210.0928969999995,3635.480218181818,0.7872727272727272,0.20909090909090908
2024-11-21,Greed,535,5,598300.62,1692.430891,1118.3189158878504,0.7177570093457943,0.26542056074766357
2024-11-22,Greed,679,6,1646713.62,-18105.345617,2425.2041531664213,0.6273932253313697,0.3711340206185567
2024-11-23,Greed,363,4,516245.68,2901.531638,1422.1644077134986,0.33608815426997246,0.6446280991735537
2024-11-24,Greed,172,3,664952.28,945.550386,3866.001627906977,0.4011627906976744,0.5813953488372093
2024-11-25,Greed,255,2,937410.87,5523.740734,3676.1210588235294,0.5058823529411764,0.4392156862745098
2024-11-26,Greed,302,4,1146902.44,1094.809359,3797.6901986754965,0.7218543046357616,0.25496688741721857
2024-11-27,Greed,213,2,1444242.53,-2654.495633,6780.481361502348,0.6572769953051644,0.323943661971831
2024-11-28,Greed,332,5,1894225.15,-127075.39958499999,5705.497439759036,0.46987951807228917,0.5150602409638554
2024-11-29,Greed,393,11,794262.91,176844.994152,2021.0252162849874,0.1628498727735369,0.22900763358778625
2024-11-30,Greed,373,8,1732193.7,37316.69352,4643.950938337802,0.10455764075067024,0.4450402144772118
2024-12-01,Greed,416,9,814711.82,40886.364494,1958.441875,0.12740384615384615,0.4639423076923077
2024-12-02,Greed,270,8,585243.56,18489.604313,2167.568740740741,0.3111111111111111,0.32592592592592595
2024-12-03,Greed,374,8,1084666.53,23576.539285,2900.177887700535,0.43315508021390375,0.20588235294117646
2024-12-04,Greed,319,7,769287.65,292891.815021,2411.5600313479626,0.1724137931034483,0.438871473354232
2024-12-05,Greed,456,8,1256750.79,71574.11848800001,2756.0324342105264,0.1074561403508772,0.6907894736842105
2024-12-06,Greed,403,10,3471019.22,-92624.643895,8612.950918114144,0.13895781637717122,0.6029776674937966
2024-12-07,Greed,304,6,451733.42,85906.279067,1485.965197368421,0.0,0.7532894736842105
2024-12-08,Greed,420,6,932939.72,15965.933436,2221.2850476190474,0.009523809523809525,0.6857142857142857
2024-12-09,Greed,539,10,983949.68,6310.967676,1825.5096103896105,0.07421150278293136,0.3914656771799629
2024-12-10,Greed,1596,11,3150424.08,39325.770231,1973.94992481203,0.10776942355889724,0.21679197994987467
2024-12-11,Greed,1221,12,2194098.33,319051.554217,1796.9683292383293,0.10401310401310401,0.2964782964782965
2024-12-12,Greed,1932,14,4557189.87,599151.795008,2358.7939285714288,0.052795031055900624,0.17236024844720496
2024-12-13,Greed,1173,11,2880824.64,31935.901745,2455.9459846547315,0.34697357203751067,0.19607843137254902
2024-12-14,Greed,1235,12,2369561.78,167801.399244,1918.6735060728743,0.5821862348178137,0.13036437246963561
2024-12-15,Greed,1697,15,2583269.81,97525.315279,1522.256812021214,0.4678845020624632,0.09605185621685328
2024-12-16,Greed,1055,13,2740808.97,166774.344133,2597.9231943127966,0.3184834123222749,0.2066350710900474
2024-12-17,Greed,1941,16,5233597.63,219591.305172,2696.3408706852138,0.33951571354971666,0.2328696548171046
2024-12-18,Greed,1429,13,3798887.07,13682.994673,2658.423421973408,0.24072778166550035,0.271518544436669
2024-12-19,Greed,3339,13,8241709.39,62744.004486000005,2468.316678646301,0.25067385444743934,0.05241090146750524
2024-12-20,Greed,2488,15,7681274.71,254969.660039,3087.3290635048234,0.22266881028938906,0.18086816720257234
2024-12-21,Greed,1681,8,4382875.12,150022.163157,2607.302272456871,0.23973825104104698,0.1683521713265913
2024-12-22,Greed,774,8,3087320.22,352197.163973,3988.7858139534887,0.3863049095607235,0.4043927648578811
2024-12-23,Greed,2347,14,6771878.26,-29430.626577,2885.333728163613,0.03834682573498083,0.26288879420536854
2024-12-24,Greed,338,11,1767036.11,14813.780116,5227.917485207101,0.15088757396449703,0.5029585798816568
2024-12-25,Greed,208,6,347889.35,756.6570469999998,1672.5449519230767,0.0673076923076923,0.5625
2024-12-26,Greed,697,7,2205242.65,60228.639722,3163.9062410329984,0.03443328550932568,0.351506456241033
2024-12-27,Greed,260,7,347913.0,2672.811035,1338.126923076923,0.2076923076923077,0.6461538461538462
2024-12-28,Greed,161,7,281555.01,940.673623,1748.7888819875777,0.08074534161490683,0.6708074534161491
2024-12-29,Greed,201,7,344628.54,2884.067927,1714.5698507462685,0.03980099502487562,0.8059701492537313
2024-12-30,Greed,304,9,1073865.73,9009.738137,3532.453059210526,0.29605263157894735,0.45723684210526316
2024-12-31,Greed,306,6,877164.62,5445.01281,2866.551045751634,0.5032679738562091,0.34967320261437906
2025-01-01,Greed,96,6,282582.1,-9528.065345,2943.5635416666664,0.07291666666666667,0.4375
2025-01-02,Greed,361,9,774674.84,8716.519087,2145.9136842105263,0.2188365650969529,0.6537396121883656
2025-01-03,Greed,508,9,771208.99,6028.486793,1518.1279330708662,0.18700787401574803,0.6889763779527559
2025-01-04,Greed,371,9,1826029.6199999999,2553.537968,4921.912722371967,0.1105121293800539,0.7978436657681941
2025-01-05,Greed,239,8,451943.57,3187.719363,1890.977280334728,0.11715481171548117,0.698744769874477
2025-01-06,Greed,573,7,556526.99,6064.185393,971.2512914485166,0.06457242582897033,0.7609075043630017
2025-01-07,Greed,637,6,1313178.1,16098.227531,2061.504081632653,0.10832025117739404,0.858712715855573
2025-01-08,Greed,1039,11,3177275.18,130117.090554,3058.0126852743024,0.5110683349374399,0.39268527430221367
2025-01-09,Greed,522,7,1020733.25,46975.928902,1955.427681992337,0.4157088122605364,0.5134099616858238
2025-01-10,Neutral,819,7,6547449.68,-10116.875552,7994.444053724053,0.7106227106227107,0.27228327228327226
2025-01-11,Greed,283,7,1658098.71,2269.080536,5859.006042402827,0.5795053003533569,0.26148409893992935
2025-01-12,Greed,602,7,2258459.17,5742.241803,3751.59330564784,0.8438538205980066,0.12458471760797342
2025-01-13,Greed,408,11,2936648.0100000002,9655.429352,7197.666691176471,0.6519607843137255,0.15931372549019607
2025-01-14,Greed,275,9,876581.97,16069.512355,3187.5708,0.29818181818181816,0.4
2025-01-15,Greed,267,11,1801599.8900000001,14819.5883,6747.565131086143,0.38202247191011235,0.5093632958801498
2025-01-16,Greed,371,9,3049692.96,20807.709328,8220.196657681941,0.32075471698113206,0.5902964959568733
2025-01-17,Greed,238,8,1110230.46,7006.415608,4664.8338655462185,0.38235294117647056,0.47058823529411764
2025-01-18,Greed,651,12,2711629.88,443.2330819999997,4165.330076804916,0.30568356374807987,0.5821812596006144
2025-01-19,Greed,1567,15,9715215.3,87923.799302,6199.8821314613915,0.44416081684747927,0.42437779195915765
2025-01-20,Greed,1315,15,8287327.01,87277.239173,6302.149817490495,0.5110266159695818,0.3361216730038023
2025-01-21,Greed,530,8,1523729.82,11077.839421,2874.961924528302,0.2037735849056604,0.6037735849056604
2025-01-22,Greed,832,10,1778406.43,20524.408057,2137.5077283653845,0.4206730769230769,0.5108173076923077
2025-01-23,Greed,1218,12,3697028.66,101256.24216,3035.3273070607556,0.4860426929392447,0.48111658456486045
2025-01-24,Greed,874,11,1611433.45,10602.779738,1843.7453661327231,0.2974828375286041,0.18649885583524028
2025-01-25,Greed,506,11,1239377.7,-10348.016255999999,2449.363043478261,0.3715415019762846,0.34189723320158105
2025-01-26,Greed,451,7,1201173.66,40823.466668,2663.3562305986693,0.2616407982261641,0.6252771618625277
2025-01-27,Greed,773,15,1508028.31,41331.765392,1950.8775032341528,0.4411384217335058,0.2652005174644243
2025-01-28,Greed,498,8,579412.17,17979.613973,1163.4782530120483,0.3815261044176707,0.28714859437751006
2025-01-29,Greed,910,9,1897513.41,23421.01147,2085.1795714285713,0.08791208791208792,0.7285714285714285
2025-01-30,Greed,1067,11,3014397.17,23097.471385,2825.114498594189,0.19868791002811623,0.6644798500468604
2025-01-31,Greed,1016,11,2783411.48,35868.296773,2739.578228346457,0.3464566929133858,0.5167322834645669
2025-02-01,Greed,634,12,1363746.44,32300.205017,2151.019621451104,0.18138801261829654,0.416403785488959
2025-02-02,Greed,1319,13,5661092.29,162854.759623,4291.957763457164,0.4275966641394996,0.15466262319939347
2025-02-03,Fear,2380,12,22592901.37,348871.326269,9492.815701680673,0.47983193277310926,0.36134453781512604
2025-02-04,Greed,2512,13,15678409.27,416876.88812,6241.404964171974,0.3682324840764331,0.5923566878980892
2025-02-05,Neutral,1297,11,8743231.51,56706.235562,6741.1191287586735,0.3654587509637625,0.3754818812644564
2025-02-06,Neutral,1703,11,2818508.87,33803.799733,1655.0257604227834,0.5789782736347622,0.3094539048737522
2025-02-07,Fear,1524,13,3460263.54,22450.002091,2270.5141338582675,0.7644356955380578,0.10695538057742782
2025-02-08,Fear,575,10,839734.97,586.703253,1460.4086434782607,0.6365217391304347,0.034782608695652174
2025-02-09,Neutral,764,12,2920919.7,150551.829492,3823.19332460733,0.2094240837696335,0.6884816753926701
2025-02-10,Fear,889,14,3624958.44,63908.49465,4077.5685489313837,0.500562429696288,0.3363329583802025
2025-02-11,Neutral,848,12,2797544.17,-6093.784817,3298.990766509434,0.31839622641509435,0.21933962264150944
2025-02-12,Neutral,1031,12,4143974.54,19848.635032,4019.3739476236665,0.5751697381183317,0.31910766246362754
2025-02-13,Neutral,1370,11,3199852.21,27829.534238,2335.6585474452554,0.5598540145985401,0.35912408759124087
2025-02-14,Neutral,1655,15,4007103.42,213860.675308,2421.210525679758,0.30694864048338366,0.35166163141993956
2025-02-15,Neutral,932,12,1712852.95,45042.92701,1837.8250536480687,0.6663090128755365,0.25643776824034337
2025-02-16,Neutral,681,10,806177.64,2369.478425,1183.8144493392072,0.4552129221732746,0.36270190895741555
2025-02-17,Neutral,941,9,2031044.64,1818.573295,2158.3896280552603,0.2869287991498406,0.1891604675876727
2025-02-18,Neutral,1676,11,3371128.68,91204.672403,2011.413293556086,0.3269689737470167,0.29415274463007157
2025-02-19,Fear,1361,10,3263930.24,14985.794701,2398.185334313005,0.4305657604702425,0.2674504041146216
2025-02-20,Neutral,2012,11,4628609.29,46008.794102,2300.5016351888667,0.6829025844930418,0.2614314115308151
2025-02-21,Greed,1873,14,3972159.88,119693.49395,2120.747399893219,0.6615056059797116,0.3198077949813134
2025-02-22,Neutral,686,10,3175570.2,25278.704178,4629.111078717201,0.5276967930029155,0.44314868804664725
2025-02-23,Neutral,520,12,1141310.74,10656.934251,2194.8283461538463,0.4173076923076923,0.43846153846153846
2025-02-24,Neutral,5616,14,11223619.59,38470.176242,1998.5077617521367,0.863960113960114,0.05056980056980057
2025-02-25,Fear,6246,18,19414984.36,204762.177034,3108.3868651937237,0.6709894332372719,0.1845981428113993
2025-02-26,Fear,1176,13,4946958.13,63229.063129,4206.597049319727,0.4957482993197279,0.42517006802721086
2025-02-27,Fear,890,9,1999898.43,-36525.167517,2247.0768876404495,0.09550561797752809,0.8505617977528089
2025-02-28,Fear,1019,13,4123660.77,225628.108748,4046.7721000981355,0.39254170755642787,0.4239450441609421
2025-03-01,Fear,174,5,263824.13,10596.108968,1516.230632183908,0.3275862068965517,0.5517241379310345
2025-03-02,Fear,532,10,6460848.74,66914.320708,12144.452518796992,0.6409774436090225,0.18796992481203006
2025-03-03,Fear,1482,14,8244590.38,616413.032233,5563.151403508772,0.3144399460188934,0.6072874493927125
2025-03-04,Fear,2402,16,11124247.15,182075.566585,4631.24360949209,0.7635303913405496,0.10074937552039967
2025-03-05,Fear,1660,13,9193654.22,269328.365917,5538.345915662651,0.8042168674698795,0.1210843373493976
2025-03-06,Fear,760,12,6765324.96,16101.125561,8901.743368421052,0.5276315789473685,0.36973684210526314
2025-03-07,Fear,2552,14,19854275.48,150236.061627,7779.888510971787,0.8491379310344828,0.09717868338557993
2025-03-08,Fear,529,13,892083.51,24700.773359,1686.3582419659735,0.499054820415879,0.13988657844990549
2025-03-09,Fear,1422,12,10419697.99,19773.457395,7327.495070323488,0.6265822784810127,0.20815752461322082
2025-03-10,Fear,2911,14,16811790.68,-10010.027269999999,5775.263029886637,0.9093095156303675,0.005839917554105119
2025-03-11,Fear,3286,16,14016952.09,-76880.729036,4265.657970176507,0.7337188070602556,0.1856360316494218
2025-03-12,Fear,3968,13,18618139.15,288105.984215,4692.071358366935,0.7893145161290323,0.10433467741935484
2025-03-13,Neutral,962,13,3285591.22,14114.870873,3415.375488565489,0.8648648648648649,0.09875259875259876
2025-03-14,Fear,2210,10,8047187.16,68646.160089,3641.261158371041,0.9113122171945701,0.08687782805429864
2025-03-15,Neutral,261,8,2355749.54,78694.624572,9025.86030651341,0.30268199233716475,0.7049808429118773
2025-03-16,Fear,530,8,10187921.51,-7910.943544999999,19222.49341509434,0.5415094339622641,0.4075471698113208
2025-03-17,Fear,920,11,3592895.05,26163.906513,3905.320706521739,0.4326086956521739,0.46304347826086956
2025-03-18,Fear,834,13,4050655.47,72322.788824,4856.901043165468,0.4748201438848921,0.5275779376498801
2025-03-19,Fear,1612,12,4598813.57,29374.682341,2852.8620161290323,0.6612903225806451,0.293424317617866
2025-03-20,Neutral,771,13,1652257.93,10246.859436,2143.0063942931256,0.7639429312581063,0.23346303501945526
2025-03-21,Fear,698,9,2543903.39,6951.270374,3644.560730659026,0.9068767908309455,0.07020057306590258
2025-03-22,Fear,535,8,971809.42,12498.535254,1816.4662056074767,0.18130841121495328,0.7700934579439253
2025-03-23,Fear,447,10,2593519.67,14047.421585,5802.057427293064,0.5436241610738255,0.3512304250559284
2025-03-24,Neutral,1027,13,3017587.05,107878.961301,2938.254186952288,0.439143135345667,0.50730282375852
2025-03-25,Neutral,791,13,5372519.77,32030.90678,6792.060391908975,0.7509481668773704,0.20859671302149177
2025-03-26,Neutral,3102,17,7597754.37,15802.167427,2449.30830754352,0.6366860090264346,0.3284977433913604
2025-03-27,Fear,785,11,3240279.46,58825.359221,4127.744535031847,0.47006369426751593,0.489171974522293
2025-03-28,Fear,728,11,1483092.61,21337.179335,2037.2151236263737,0.6813186813186813,0.2239010989010989
2025-03-29,Fear,1894,10,3668151.83,12098.872931,1936.7221911298839,0.9134107708553326,0.031151003167898626
2025-03-30,Fear,568,9,2850874.96,15795.11514,5019.146056338028,0.9366197183098591,0.04401408450704225
2025-03-31,Fear,495,12,2164772.4699999997,6978.184557,4373.277717171717,0.5858585858585859,0.04242424242424243
2025-04-01,Fear,192,9,704445.1900000001,-2202.6622420000003,3668.9853645833336,0.5677083333333334,0.3541666666666667
2025-04-02,Fear,1076,11,3867930.6,202212.740938,3594.7310408921935,0.8810408921933085,0.10130111524163568
2025-04-03,Fear,1748,17,8670233.15,-2365.961276,4960.087614416476,0.8735697940503433,0.11327231121281464
2025-04-04,Fear,1272,14,3835545.73,-25515.678949999998,3015.3661399371067,0.7688679245283019,0.1878930817610063
2025-04-05,Fear,360,10,1267564.22,35907.33771,3521.011722222222,0.8611111111111112,0.08333333333333333
2025-04-06,Fear,1048,14,3551252.06,47053.449272,3388.59929389313,0.8549618320610687,0.11164122137404581
2025-04-07,Fear,2814,18,14460253.14,34527.370305,5138.682707889126,0.5785358919687278,0.38663823738450603
2025-04-08,Fear,943,17,8869391.4,34899.394798,9405.505196182397,0.721102863202545,0.16967126193001061
2025-04-09,Fear,3967,20,28556806.47,43120.444797,7198.589984875221,0.39979833627426264,0.554323166120494
2025-04-10,Fear,2127,19,28741953.29,158261.822261,13512.90704748472,0.32863187588152326,0.6577338975082275
2025-04-11,Fear,1096,16,11319327.07,126406.479081,10327.853166058394,0.3056569343065693,0.6359489051094891
2025-04-12,Fear,2109,20,55914617.49,410419.694533,26512.383826458037,0.328117591275486,0.631578947368421
2025-04-13,Neutral,1321,17,14171154.79,48696.021521,10727.596358819075,0.4133232399697199,0.5427706283118849
2025-04-14,Fear,890,14,13079972.98,45680.443063,14696.598853932584,0.650561797752809,0.3089887640449438
2025-04-15,Fear,1131,14,20752168.24,72357.706282,18348.51303271441,0.48010610079575594,0.5075154730327144
2025-04-16,Fear,1608,17,36502715.9,58631.730257,22700.69396766169,0.611318407960199,0.31840796019900497
2025-04-17,Fear,1031,12,2604551.51,5427.919886,2526.238128031038,0.11154219204655674,0.8632395732298739
2025-04-18,Fear,1894,12,24610650.46,4880.4047439999995,12994.007634635693,0.20591341077085534,0.6019007391763463
2025-04-19,Fear,2786,15,32706462.71,71950.577495,11739.577426417804,0.2096195262024408,0.6661880832735104
2025-04-20,Fear,1982,12,12126094.05,25060.341936,6118.110015136226,0.08879919273461151,0.6922300706357215
2025-04-21,Fear,1718,14,42104054.84,34369.267906999994,24507.598859138536,0.3958090803259604,0.479627473806752
2025-04-22,Neutral,2998,15,33753625.24,58652.763578,11258.714222815212,0.1761174116077385,0.8228819212808539
2025-04-23,Greed,6159,19,30682443.79,-419020.225731,4981.72492125345,0.20457866536775451,0.7142393245656763
2025-04-24,Greed,2232,15,35088918.64,50704.395965,15720.841684587815,0.6079749103942652,0.23745519713261648
2025-04-25,Greed,1653,16,27749455.78,20218.859206,16787.32957047792,0.14277071990320628,0.6678765880217786
2025-04-26,Greed,1131,12,11948127.77,-4125.753942,10564.215534924844,0.29973474801061006,0.34748010610079577
2025-04-27,Greed,337,9,487537.69,2702.067468,1446.6993768545994,0.5074183976261127,0.10979228486646884
2025-04-28,Neutral,1379,8,26124921.49,36906.813759,18944.83066715011,0.6294416243654822,0.23567802755620015
2025-04-29,Greed,2243,7,34089511.66,125749.613427,15198.177289344627,0.4427106553722693,0.46098974587605884
2025-04-30,Greed,1113,8,12693878.85,14003.797269,11405.10229110512,0.48787061994609165,0.11680143755615453
2025-05-01,Neutral,1230,11,10720240.52,54536.829297000004,8715.642699186992,0.2821138211382114,0.2764227642276423
