trade_date,trades,total_volume_usd,total_closed_pnl,nonzero_closed_pnl,buy_ratio,fg_value
2023-05-01,3,477.0,0.0,0.0,1.0,63.0
2023-12-05,9,50005.83,0.0,0.0,0.7777777777777778,75.0
2023-12-14,11,113203.35,-205.43473700000007,-205.43473700000007,0.45454545454545453,72.0
2023-12-15,2,10609.95,-24.632033999999997,-24.632033999999997,1.0,70.0
2023-12-16,3,15348.77,0.0,0.0,1.0,67.0
2023-12-17,14,116278.02,304.982785,304.982785,0.21428571428571427,73.0
2023-12-18,2,31164.179999999997,0.0,0.0,1.0,65.0
2023-12-19,15,91602.41,1000.5386120000001,1000.5386120000001,0.3333333333333333,73.0
2023-12-20,18,141636.79,162.732282,162.732282,0.5555555555555556,74.0
2023-12-21,49,125233.97,537.211402,537.211402,0.4489795918367347,70.0
2023-12-22,10,88874.28,141.832675,141.832675,0.8,74.0
2023-12-23,13,78438.25,146.936704,146.93670400000002,0.38461538461538464,70.0
2023-12-24,39,402954.94,1008.619956,1008.6199559999999,0.5384615384615384,71.0
2023-12-25,3,59948.51,-245.081348,-245.081348,0.6666666666666666,73.0
2023-12-27,28,171411.06,-704.8892269999999,-704.8892269999999,0.5357142857142857,73.0
2023-12-28,23,100117.25,-970.730876,-970.7308760000001,0.43478260869565216,73.0
2023-12-29,50,569559.72,508.92214299999995,508.922143,0.62,65.0
2023-12-30,52,702550.21,354.998648,354.99864799999995,0.38461538461538464,68.0
2024-01-01,18,264239.52999999997,-129.53146,-129.53146,0.5555555555555556,65.0
2024-01-02,17,121348.74,783.979116,783.9791160000001,0.5294117647058824,71.0
2024-01-03,67,394499.36,866.015507,866.0155070000001,0.47761194029850745,70.0
2024-01-04,5,99792.54000000001,-67.60364,-67.60364,0.4,68.0
2024-01-05,66,1703942.66,164.141565,164.14156499999999,0.4696969696969697,72.0
2024-01-06,22,298521.4,135.58166400000002,135.58166400000002,0.5,70.0
2024-01-07,97,1048850.06,-835.681235,-835.681235,0.5360824742268041,71.0
2024-01-08,128,1522452.43,-269.874439,-269.87443900000005,0.3125,71.0
2024-01-09,70,870051.97,-826.349863,-826.3498629999999,0.4,76.0
2024-01-10,193,2057479.48,-1517.091342,-1517.091342,0.47668393782383417,73.0
2024-01-11,21,305314.1,-164.08950099999998,-164.08950099999998,0.6190476190476191,76.0
2024-01-12,7,200082.27,-1925.519024,-1925.519024,0.7142857142857143,71.0
2024-01-15,14,50636.1,152.85358,152.85358,0.35714285714285715,52.0
2024-01-16,9,116427.33,-2299.171458,-2299.171458,0.4444444444444444,64.0
2024-01-17,53,800831.03,813.2741110000001,813.274111,0.5849056603773585,60.0
2024-01-18,46,424631.52999999997,68.93319,68.93319,0.391304347826087,63.0
2024-01-19,48,428428.97,-385.419235,-385.4192349999999,0.6458333333333334,51.0
2024-01-20,106,1070090.51,-146.57487000000003,-146.57486999999995,0.5660377358490566,52.0
2024-01-21,11,103129.74,266.58114600000005,266.581146,0.2727272727272727,56.0
2024-01-22,85,337878.99,1375.640959,1375.640959,0.6,55.0
2024-01-23,45,414518.93000000005,-369.2447299999998,-369.2447299999999,0.7333333333333333,50.0
2024-01-24,68,965084.59,-2808.353815,-2808.353815,0.39705882352941174,48.0
2024-01-25,6,66566.13,-3093.6293849999997,-3093.629385,0.0,52.0
2024-01-26,5,11773.21,90.2,90.2,0.8,49.0
2024-01-28,11,18109.03,-2478.06972,-2478.06972,0.0,54.0
2024-01-29,74,414208.18,486.562542,486.56254199999995,0.28378378378378377,55.0
2024-01-30,49,401011.38,-173.65419100000003,-173.65419100000003,0.5714285714285714,61.0
2024-01-31,859,6305647.13,-799.840817,-799.840817,0.5471478463329453,60.0
2024-02-01,6,2008.18,0.0,0.0,1.0,63.0
2024-02-02,42,474278.43,456.423473,456.42347299999994,0.4523809523809524,63.0
2024-02-03,56,603820.0,223.30918699999998,223.30918699999998,0.32142857142857145,60.0
2024-02-04,35,203187.53,47.62389499999999,47.623895,0.5428571428571428,60.0
2024-02-05,72,770198.26,-33.45419400000003,-33.454194000000044,0.4583333333333333,60.0
2024-02-06,1088,8047153.41,-215.615907,-215.61590699999994,0.47610294117647056,64.0
2024-02-07,15,6758.73,241.24212,241.24212,0.4666666666666667,62.0
2024-02-08,10,26051.12,770.756024,770.7560239999999,0.2,66.0
2024-02-11,34,212311.82,983.443176,983.443176,0.6764705882352942,71.0
2024-02-12,16,227247.69999999998,913.8817869999998,913.8817869999999,0.6875,70.0
2024-02-13,14,1999.99,559.44389,559.44389,0.0,79.0
2024-02-14,111,320839.88,3830.599833,3830.5998329999993,0.3063063063063063,74.0
2024-02-15,63,185188.04,1840.797677,1840.797677,0.8253968253968254,72.0
2024-02-16,182,564896.51,5491.768834,5491.768834,0.6318681318681318,72.0
2024-02-17,94,406118.07,1929.6418,1929.6418,0.5319148936170213,76.0
2024-02-18,97,157048.17,477.6248299999999,477.62483000000014,0.3917525773195876,72.0
2024-02-19,101,286377.2,4317.768563,4317.7685630000005,0.40594059405940597,75.0
2024-02-20,39,119419.72,3263.628824,3263.628824,0.3333333333333333,72.0
2024-02-21,22,108047.51999999999,1858.7985700000002,1858.79857,0.3181818181818182,78.0
2024-02-22,88,373033.87,3894.1050699999996,3894.10507,0.3977272727272727,74.0
2024-02-23,143,111106.14,1418.55293,1418.5529299999998,0.916083916083916,76.0
2024-02-25,5,4480.13,-30.7705,-30.7705,0.4,74.0
2024-02-26,39,192187.14,4416.8473,4416.8473,0.6923076923076923,72.0
2024-02-27,63,209362.3,888.511733,888.511733,0.5238095238095238,79.0
2024-02-28,45,171107.13,2503.747235,2503.747235,0.6888888888888889,82.0
2024-02-29,116,395666.73,9813.996992,9813.996991999998,0.5172413793103449,80.0
2024-03-01,137,472974.7,8244.241409,8244.241409,0.27007299270072993,80.0
2024-03-02,31,63197.56,230.90060000000005,230.90060000000022,0.9032258064516129,80.0
2024-03-03,79,390745.68,8361.086245,8361.086245,0.45569620253164556,83.0
2024-03-04,300,1577996.87,27799.775742,27799.775742,0.5366666666666666,82.0
2024-03-05,180,841810.32,19791.026041,19791.026040999997,0.3055555555555556,90.0
2024-03-06,82,327218.02,6814.825139,6814.8251390000005,0.5975609756097561,75.0
2024-03-08,67,183583.18,4271.886236,4271.886236,0.2835820895522388,81.0
2024-03-09,117,658178.75,9949.501624,9949.501624,0.7094017094017094,84.0
2024-03-10,42,219973.85,2482.9272,2482.9271999999996,0.9047619047619048,79.0
2024-03-11,42,176519.44999999998,3588.179495,3588.1794949999994,0.2857142857142857,82.0
2024-03-12,8,103040.85,3039.166,3039.1659999999997,0.125,81.0
2024-03-13,7,6000.799999999999,0.0,0.0,1.0,81.0
2024-03-14,18,205933.18,3465.865832,3465.8658320000004,0.1111111111111111,88.0
2024-03-15,62,351894.41,6236.513651,6236.513651,0.41935483870967744,83.0
2024-03-16,8,37223.66,228.57984,228.57984,0.625,81.0
2024-03-17,23,99506.95,503.293955,503.293955,0.782608695652174,79.0
2024-03-18,19,90458.08,1456.9577,1456.9577,0.6842105263157895,77.0
2024-03-19,24,219884.84,668.797973,668.797973,0.7083333333333334,79.0
2024-03-20,69,215705.85,6423.134599,6423.134598999999,0.42028985507246375,74.0
2024-03-21,28,117895.57,2335.5080749999997,2335.5080749999997,0.9285714285714286,78.0
2024-03-24,19,92592.20999999999,1297.018477,1297.0184769999998,0.7894736842105263,74.0
2024-03-25,7,57116.32,1302.916428,1302.916428,0.0,75.0
2024-03-26,118,198565.19,3215.906593,3215.9065929999992,0.06779661016949153,81.0
2024-03-27,38,99864.79,150.41114,150.41114000000002,0.5,83.0
2024-03-28,13,35323.72,227.85100799999998,227.85100799999998,0.9230769230769231,80.0
2024-03-29,15,86914.37,883.097404,883.097404,0.6,79.0
2024-03-30,45,101103.92,1100.57514,1100.5751400000001,0.022222222222222223,75.0
2024-03-31,13,39912.96,912.786145,912.7861449999999,0.0,75.0
2024-04-01,77,339470.47,2507.963406,2507.9634060000003,0.4155844155844156,79.0
2024-04-02,41,239664.50999999998,883.760812,883.760812,0.24390243902439024,79.0
2024-04-03,4,16887.57,126.7884,126.7884,0.75,71.0
2024-04-04,32,95987.73,0.0,0.0,0.0,70.0
2024-04-05,100,503791.8,10706.484306,10706.484305999998,0.17,79.0
2024-04-06,16,68223.67,236.33513399999998,236.33513399999998,0.0,75.0
2024-04-07,23,49988.14,0.0,0.0,0.0,78.0
2024-04-08,30,211940.64,1218.4267,1218.4267,0.03333333333333333,76.0
2024-04-09,3,57063.840000000004,0.0,0.0,0.0,80.0
2024-04-10,41,351735.97,5207.443414,5207.443414000001,0.975609756097561,78.0
2024-04-11,16,76400.96,389.743164,389.743164,0.875,76.0
2024-04-12,129,442088.59,-592.6458390000001,-592.6458390000001,0.3333333333333333,79.0
2024-04-13,89,486411.25,6621.451755,6621.451754999999,0.5168539325842697,72.0
2024-04-14,107,659162.17,-36104.012520000004,-36104.012520000004,0.42990654205607476,72.0
2024-04-15,41,291111.19,3774.08872,3774.0887199999997,0.43902439024390244,74.0
2024-04-16,47,181907.17,2467.702221,2467.702221,0.6595744680851063,65.0
2024-04-17,14,97562.99,2441.4683999999997,2441.4683999999997,0.9285714285714286,67.0
2024-04-19,35,337257.92000000004,1946.4454620000001,1946.4454620000004,0.14285714285714285,66.0
2024-04-20,22,60733.24,0.0,0.0,0.9090909090909091,66.0
2024-04-22,9,47993.61,0.0,0.0,0.0,73.0
2024-04-23,66,233054.9,1119.536196,1119.536196,0.5606060606060606,71.0
2024-04-24,20,141275.24,279.185907,279.18590699999993,0.65,72.0
2024-04-25,74,120241.01,0.0,0.0,1.0,72.0
2024-04-26,3,4988.290000000001,0.0,0.0,0.0,70.0
2024-04-27,27,154264.47,4281.488139,4281.488139,0.0,67.0
2024-04-28,58,43985.6,0.0,0.0,0.0,65.0
2024-04-29,45,108699.01,526.9338359999999,526.933836,0.5333333333333333,67.0
2024-04-30,24,125018.75,0.0,0.0,1.0,67.0
2024-05-01,14,87025.45,0.0,0.0,1.0,54.0
2024-05-03,36,282682.64999999997,5306.017045,5306.0170450000005,0.08333333333333333,48.0
2024-05-04,9,58998.75,0.0,0.0,0.0,67.0
2024-05-05,6,24068.350000000002,0.916,0.916,0.16666666666666666,69.0
2024-05-06,9,206016.43,968.59038,968.59038,0.8888888888888888,71.0
2024-05-07,18,108717.58,883.537693,883.5376929999999,0.3333333333333333,68.0
2024-05-08,13,65973.57,1.56576,1.56576,0.9230769230769231,64.0
2024-05-09,28,221966.12,1147.595856,1147.595856,0.32142857142857145,55.0
2024-05-10,22,156882.0,2101.741695,2101.7416949999997,0.7272727272727273,66.0
2024-05-11,9,63248.95,251.604742,251.604742,0.0,53.0
2024-05-12,23,55179.56,0.0,0.0,0.7391304347826086,56.0
2024-05-13,28,193118.9,2136.853859,2136.8538590000003,0.17857142857142858,57.0
2024-05-14,23,145853.4,1150.5233050000002,1150.5233050000002,1.0,66.0
2024-05-15,36,234922.57,948.970582,948.9705819999999,0.3055555555555556,64.0
2024-05-16,27,162620.96,214.5898,214.58980000000003,0.5185185185185185,70.0
2024-05-18,25,126303.14,3522.3946610000003,3522.3946610000003,0.28,73.0
2024-05-19,8,29998.09,0.0,0.0,1.0,72.0
2024-05-20,10,38124.75,-74.818442,-74.818442,0.7,70.0
2024-05-21,125,1100948.59,7289.397571999999,7289.397572,0.232,76.0
2024-05-22,6,44995.29,0.0,0.0,0.0,76.0
2024-05-23,325,401850.6,413.347329,413.347329,0.5815384615384616,76.0
2024-05-24,2,50811.899999999994,821.949278,821.949278,0.0,74.0
2024-05-25,16,29991.129999999997,14.126038999999999,14.126038999999997,0.4375,76.0
2024-05-26,16,53976.67,778.6839,778.6839,0.125,75.0
2024-05-27,251,151115.72,1129.35587,1129.35587,0.3705179282868526,74.0
2024-05-29,164,84268.76,277.791953,277.7919529999999,0.40853658536585363,72.0
2024-05-30,7,2838.09,20.951433,20.951433,0.7142857142857143,73.0
2024-05-31,13,3636.14,25.35812,25.35812,0.3076923076923077,73.0
2024-06-01,25,12834.62,91.510419,91.51041899999998,0.36,72.0
2024-06-02,93,29464.51,192.906947,192.906947,0.3655913978494624,73.0
2024-06-03,70,21466.86,562.808208,562.8082079999999,0.6285714285714286,73.0
2024-06-04,53,24243.41,52.211438,52.211438,0.4716981132075472,73.0
2024-06-05,54,25350.77,56.055506,56.055506,0.3148148148148148,75.0
2024-06-06,234,137557.76,274.173187,274.1731869999999,0.4358974358974359,78.0
2024-06-07,440,1098588.76,8902.467416,8902.467416,0.4113636363636364,77.0
2024-06-08,29,97351.88,129.13883900000002,129.13883900000002,0.7241379310344828,72.0
2024-06-09,17,22410.22,0.0,0.0,1.0,75.0
2024-06-10,53,46587.93,31.266804999999998,31.266804999999998,0.41509433962264153,72.0
2024-06-11,123,373279.92,4320.631811,4320.631811,0.926829268292683,74.0
2024-06-12,254,193407.96,-21886.531493,-21886.531493,0.452755905511811,72.0
2024-06-13,79,132577.22,6632.757115,6632.757114999999,0.9620253164556962,70.0
2024-06-14,31,139868.66,10258.592609,10258.592608999998,1.0,74.0
2024-06-15,78,718350.25,3369.958346,3369.9583460000003,0.11538461538461539,74.0
2024-06-16,11,25235.079999999998,0.0,0.0,0.0,71.0
2024-06-17,38,368380.12,10599.502375,10599.502375,0.8421052631578947,71.0
2024-06-18,25,263314.79,282.57636,282.57636,0.84,74.0
2024-06-19,61,417071.12,4887.656944,4887.656943999999,0.04918032786885246,64.0
2024-06-20,39,207990.8,57478.456026,57478.45602599999,0.0,60.0
2024-06-21,80,176264.49,773.5582039999999,773.5582039999999,0.85,63.0
2024-06-22,24,169594.27000000002,756.876565,756.876565,0.16666666666666666,53.0
2024-06-23,5,1792.12,0.0,0.0,0.0,55.0
2024-06-24,31,403002.8,0.0,0.0,0.8064516129032258,51.0
2024-06-25,49,103099.08,4869.353105,4869.353105000001,0.22448979591836735,30.0
2024-06-26,72,365190.66000000003,4197.732182,4197.732182,0.5694444444444444,46.0
2024-06-27,30,130486.95,0.0,0.0,0.4,40.0
2024-06-29,75,280095.11,6150.326145,6150.326145,0.4666666666666667,30.0
2024-06-30,14,30520.69,0.0,0.0,0.35714285714285715,47.0
2024-07-01,64,362670.14999999997,5065.839308,5065.839308,0.09375,53.0
2024-07-02,18,33347.47,2421.253116,2421.253116,0.7222222222222222,51.0
2024-07-03,18,179600.66,1118.387284,1118.387284,1.0,50.0
2024-07-04,25,430568.01,0.0,0.0,1.0,44.0
2024-07-05,32,272289.89,0.0,0.0,1.0,29.0
2024-07-06,24,2490.17,108.87217799999999,108.872178,0.7083333333333334,26.0
2024-07-07,10,498.75,61.428942,61.428942,0.0,29.0
2024-07-08,1,497.64,0.0,0.0,1.0,28.0
2024-07-09,15,2736.45,648.984412,648.9844120000001,0.0,27.0
2024-07-10,56,687900.21,11977.734907,11977.734907,0.17857142857142858,28.0
2024-07-11,19,169887.02,1876.812082,1876.812082,0.5263157894736842,29.0
2024-07-12,19,89582.97,1412.314654,1412.314654,1.0,25.0
2024-07-13,17,139189.19,2913.617837,2913.6178370000002,0.0,25.0
2024-07-14,7,84001.13,0.0,0.0,0.0,33.0
2024-07-15,26,198344.85,-1.0,-1.0,0.07692307692307693,52.0
2024-07-16,22,144000.57,0.0,0.0,0.0,65.0
2024-07-17,351,626005.53,1859.269477,1859.2694769999998,0.4415954415954416,69.0
2024-07-18,60,649704.85,3803.884311,3803.884311,1.0,61.0
2024-07-19,23,150269.42,2155.891114,2155.891114,0.043478260869565216,60.0
2024-07-20,266,244362.21,2299.169566,2299.169565999999,0.15413533834586465,74.0
2024-07-21,448,234307.46,-2960.716887,-2960.7168869999996,0.5334821428571429,74.0
2024-07-22,154,304213.8,1517.119876,1517.119876,0.6688311688311688,70.0
2024-07-23,370,358526.54,89890.302206,89890.302206,0.37027027027027026,71.0
2024-07-24,90,69207.93,625.561479,625.5614790000001,0.6,69.0
2024-07-25,78,528555.31,916.7382600000001,916.73826,0.9871794871794872,68.0
2024-07-26,152,548587.65,2766.513113,2766.513113,0.28289473684210525,68.0
2024-07-27,57,905199.75,6400.623656,6400.623656,0.15789473684210525,72.0
2024-07-28,16,43254.68,587.29903,587.2990300000001,0.9375,71.0
2024-07-29,39,327199.14,330.80445399999996,330.804454,0.46153846153846156,74.0
2024-07-30,6,36006.47,0.0,0.0,1.0,67.0
2024-07-31,43,84506.54,765.690884,765.690884,0.3953488372093023,61.0
2024-08-01,57,227774.53,167.080017,167.08001700000003,0.8245614035087719,52.0
2024-08-02,63,396320.37,782.3681909999999,782.368191,0.6666666666666666,57.0
2024-08-03,37,290532.86,464.1897,464.1897,0.972972972972973,37.0
2024-08-04,127,1207744.07,-122672.000883,-122672.00088300002,0.47244094488188976,34.0
2024-08-05,80,420495.4,-13013.665169,-13013.665169000004,0.5125,26.0
2024-08-06,107,61478.38,267.318048,267.318048,0.7102803738317757,17.0
2024-08-07,33,2492.77,188.789255,188.789255,0.36363636363636365,29.0
2024-08-08,9,16299.35,-40.712216999999995,-40.712216999999995,0.5555555555555556,20.0
2024-08-09,144,503204.86,18082.071276,18082.071276,0.375,48.0
2024-08-10,88,11339.29,0.0,0.0,0.9886363636363636,40.0
2024-08-11,24,44230.21,847.7766200000001,847.7766200000001,0.6666666666666666,39.0
2024-08-12,48,54167.32,858.6705000000001,858.6705000000001,0.8125,25.0
2024-08-13,23,20797.87,212.08102,212.08102000000002,0.8695652173913043,31.0
2024-08-14,25,66710.03,2168.9015130000003,2168.9015130000003,0.76,30.0
2024-08-15,12,1522.3700000000001,0.0,0.0,1.0,29.0
2024-08-16,35,166382.84,825.230544,825.230544,0.9142857142857143,27.0
2024-08-17,30,30248.96,-288.283113,-288.283113,0.9666666666666667,25.0
2024-08-18,15,62804.48,307.201888,307.201888,0.0,31.0
2024-08-19,8,100315.03,339.69958299999996,339.69958299999996,0.375,28.0
2024-08-20,12,49914.8,192.602844,192.602844,0.4166666666666667,30.0
2024-08-21,145,104990.41,656.200925,656.2009250000001,0.38620689655172413,26.0
2024-08-23,10,63509.56,1005.30527,1005.30527,0.0,34.0
2024-08-24,7,34999.67,0.0,0.0,0.0,56.0
2024-08-25,17,21950.28,0.0,0.0,0.47058823529411764,54.0
2024-08-26,6,92611.27,231.236918,231.236918,1.0,55.0
2024-08-27,50,70250.16,0.0,0.0,0.98,48.0
2024-08-28,9,71160.06999999999,1333.359645,1333.359645,1.0,30.0
2024-08-29,1,9995.85,0.0,0.0,0.0,29.0
2024-08-30,6,37233.24,256.464,256.464,0.6666666666666666,34.0
2024-08-31,34,107507.43000000001,10.882801,10.882801,0.3235294117647059,29.0
2024-09-01,12,12359.68,137.433093,137.433093,0.5833333333333334,26.0
2024-09-02,2,30000.42,0.0,0.0,1.0,26.0
2024-09-04,34,131480.97,1065.785132,1065.7851319999995,0.9117647058823529,27.0
2024-09-05,1,0.84,0.0,0.0,0.0,29.0
2024-09-06,42,39047.1,-1104.856765,-1104.8567650000002,0.09523809523809523,22.0
2024-09-08,1,0.11,0.0,0.0,0.0,29.0
2024-09-09,2,4014.4300000000003,0.0,0.0,1.0,26.0
2024-09-10,3,2547.28,-219.729659,-219.729659,0.3333333333333333,33.0
2024-09-11,1,0.54,0.0,0.0,0.0,37.0
2024-09-14,11,1014.8000000000001,0.0,0.0,0.9090909090909091,50.0
2024-09-18,145,13633.5,-878.684794,-878.6847939999999,0.07586206896551724,45.0
2024-09-19,19,1521.8700000000001,0.0,0.0,1.0,49.0
2024-09-20,16,332873.38,9585.03428,9585.03428,0.1875,54.0
2024-09-21,23,165648.12,36165.56933,36165.56933,0.0,54.0
2024-09-22,3,19999.739999999998,0.0,0.0,1.0,52.0
2024-09-23,2,40334.29,334.760796,334.760796,0.5,50.0
2024-09-24,10,7118.63,0.0,0.0,0.9,54.0
2024-09-25,9,52754.130000000005,0.0,0.0,0.6666666666666666,59.0
2024-09-26,8,113711.93000000001,439.812513,439.812513,0.0,50.0
2024-09-27,56,126097.04,0.0,0.0,0.0,61.0
2024-09-28,4,29199.21,0.0,0.0,0.0,64.0
2024-09-30,106,214669.85,2710.626288,2710.626288,0.09433962264150944,61.0
2024-10-01,4,139954.32,0.0,0.0,1.0,50.0
2024-10-02,4,99954.34,0.0,0.0,1.0,42.0
2024-10-03,9,132935.69,100.375782,100.375782,0.6666666666666666,37.0
2024-10-04,1,0.34,0.0,0.0,0.0,41.0
2024-10-05,37,605605.74,5767.161892,5767.161892,0.24324324324324326,49.0
2024-10-06,22,300130.56,130.487079,130.487079,0.2727272727272727,50.0
2024-10-07,21,219984.65,0.0,0.0,0.0,50.0
2024-10-08,36,434584.13,5396.546638,5396.546638,0.9444444444444444,49.0
2024-10-09,14,220399.93,396.06272,396.06272,0.7857142857142857,49.0
2024-10-10,16,300024.33999999997,0.0,0.0,1.0,39.0
2024-10-11,26,488904.19,8885.327477,8885.327476999999,0.0,32.0
2024-10-12,10,159713.4,541.55471,541.5547099999999,0.7,49.0
2024-10-13,10,60002.42,0.0,0.0,1.0,50.0
2024-10-14,5,61916.020000000004,1913.61958,1913.6195799999998,0.0,48.0
2024-10-15,7,81173.36,1170.2260760000001,1170.2260760000001,0.42857142857142855,65.0
2024-10-16,11,80229.17,219.480876,219.480876,0.7272727272727273,73.0
2024-10-17,9,140531.75,36.11496,36.11496,0.7777777777777778,71.0
2024-10-18,6,120331.43000000001,333.219141,333.219141,0.16666666666666666,73.0
2024-10-19,4,99996.86,0.0,0.0,1.0,72.0
2024-10-20,96,176447.86000000002,389.155797,389.15579700000006,0.07291666666666667,73.0
2024-10-21,173,324117.99,2464.915564,2464.915564,0.45664739884393063,72.0
2024-10-22,3,60000.36,0.0,0.0,1.0,70.0
2024-10-23,18,210006.07,-46.489941,-46.489941,0.8333333333333334,71.0
2024-10-25,30,427883.18,13235.862071,13235.862071,0.4666666666666667,72.0
2024-10-26,6,88668.86,42471.99413,42471.99413,1.0,
2024-10-27,4,90664.41,666.6623079999999,666.6623079999999,0.0,74.0
2024-10-28,13,121495.25,167.28016200000002,167.28016200000002,0.0,72.0
2024-10-29,53,613267.8099999999,801.170876,801.170876,0.05660377358490566,72.0
2024-10-30,25,11830.85,9.150023,9.150023000000001,0.32,77.0
2024-10-31,48,896173.36,1214.043811,1214.043811,0.875,77.0
2024-11-01,23,260981.03,1040.475736,1040.4757359999999,0.5652173913043478,75.0
2024-11-02,2,40000.0,0.0,0.0,1.0,72.0
2024-11-03,6,129055.66,0.0,0.0,1.0,74.0
2024-11-04,36,451811.97,2799.410474,2799.4104740000002,0.3611111111111111,70.0
2024-11-05,10,200627.23,678.4759280000001,678.475928,0.5,70.0
2024-11-06,15,123906.9,2817.83723,2817.8372299999996,0.4,70.0
2024-11-07,113,111335.3,4493.353136,4493.353136,0.4690265486725664,77.0
2024-11-08,39,270700.44,-64.41354100000007,-64.41354100000007,0.5897435897435898,75.0
2024-11-09,86,193384.41,102.90894,102.90894,0.6162790697674418,75.0
2024-11-10,173,413636.7,991.114334,991.114334,0.2774566473988439,78.0
2024-11-11,373,1570572.42,6749.630996,6749.630996,0.2520107238605898,76.0
2024-11-12,171,1226354.52,3494.399394,3494.399394,0.5730994152046783,80.0
2024-11-13,48,515336.37,7846.402274,7846.402274,0.3333333333333333,84.0
2024-11-14,110,1008361.81,4563.509225,4563.509225,0.7454545454545455,88.0
2024-11-15,149,1427858.42,4140.740438,4140.740437999999,0.610738255033557,80.0
2024-11-16,157,303296.07,2769.521909,2769.5219090000005,0.49044585987261147,86.0
2024-11-17,209,1215987.57,882.975285,882.9752849999999,0.3492822966507177,90.0
2024-11-18,346,2084339.58,4470.815187,4470.815187,0.36127167630057805,83.0
2024-11-19,305,628031.15,2958.268991,2958.268991,0.5245901639344263,90.0
2024-11-20,550,1999514.1199999999,4210.0928969999995,4210.092897,0.44363636363636366,83.0
2024-11-21,535,598300.62,1692.430891,1692.430891,0.4392523364485981,82.0
2024-11-22,679,1646713.62,-18105.345617,-18105.345617,0.48159057437407954,94.0
2024-11-23,363,516245.68,2901.531638,2901.531638,0.4132231404958678,93.0
2024-11-24,172,664952.28,945.550386,945.550386,0.5988372093023255,80.0
2024-11-25,255,937410.87,5523.740734,5523.740734000001,0.49411764705882355,82.0
2024-11-26,302,1146902.44,1094.809359,1094.8093589999999,0.652317880794702,79.0
2024-11-27,213,1444242.53,-2654.495633,-2654.4956330000005,0.3380281690140845,75.0
2024-11-28,332,1894225.15,-127075.39958499999,-127075.399585,0.6234939759036144,77.0
2024-11-29,393,794262.91,176844.994152,176844.994152,0.37659033078880405,78.0
2024-11-30,373,1732193.7,37316.69352,37316.69352,0.2761394101876676,84.0
2024-12-01,416,814711.82,40886.364494,40886.364493999994,0.34615384615384615,81.0
2024-12-02,270,585243.56,18489.604313,18489.604313,0.5777777777777777,80.0
2024-12-03,374,1084666.53,23576.539285,23576.539285000003,0.45454545454545453,76.0
2024-12-04,319,769287.65,292891.815021,292891.815021,0.30094043887147337,78.0
2024-12-05,456,1256750.79,71574.11848800001,71574.118488,0.42105263157894735,84.0
2024-12-06,403,3471019.22,-92624.643895,-92624.64389500002,0.5086848635235732,72.0
2024-12-07,304,451733.42,85906.279067,85906.279067,0.3618421052631579,75.0
2024-12-08,420,932939.72,15965.933436,15965.933436000001,0.19523809523809524,79.0
2024-12-09,539,983949.68,6310.967676,6310.967676,0.8441558441558441,78.0
2024-12-10,1596,3150424.08,39325.770231,39325.770230999995,0.33208020050125314,78.0
2024-12-11,1221,2194098.33,319051.554217,319051.554217,0.14004914004914004,74.0
2024-12-12,1932,4557189.87,599151.795008,599151.795008,0.2179089026915114,83.0
2024-12-13,1173,2880824.64,31935.901745,31935.901745000003,0.5763000852514919,76.0
2024-12-14,1235,2369561.78,167801.399244,167801.399244,0.4817813765182186,83.0
2024-12-15,1697,2583269.81,97525.315279,97525.315279,0.6664702416028285,80.0
2024-12-16,1055,2740808.97,166774.344133,166774.344133,0.4009478672985782,83.0
2024-12-17,1941,5233597.63,219591.305172,219591.30517200002,0.43843379701184954,87.0
2024-12-18,1429,3798887.07,13682.994673,13682.994673000001,0.5003498950314905,81.0
2024-12-19,3339,8241709.39,62744.004486000005,62744.00448599999,0.35968852949985025,75.0
2024-12-20,2488,7681274.71,254969.660039,254969.66003899998,0.4537781350482315,74.0
2024-12-21,1681,4382875.12,150022.163157,150022.163157,0.3545508625817965,73.0
2024-12-22,774,3087320.22,352197.163973,352197.1639729999,0.5788113695090439,73.0
2024-12-23,2347,6771878.26,-29430.626577,-29430.626577,0.4414145717937793,70.0
2024-12-24,338,1767036.11,14813.780116,14813.780115999998,0.34911242603550297,73.0
2024-12-25,208,347889.35,756.6570469999998,756.6570469999998,0.41346153846153844,73.0
2024-12-26,697,2205242.65,60228.639722,60228.639722,0.5351506456241033,79.0
2024-12-27,260,347913.0,2672.811035,2672.811035,0.5269230769230769,74.0
2024-12-28,161,281555.01,940.673623,940.6736230000001,0.35403726708074534,72.0
2024-12-29,201,344628.54,2884.067927,2884.067927,0.34328358208955223,73.0
2024-12-30,304,1073865.73,9009.738137,9009.738136999998,0.6019736842105263,65.0
2024-12-31,306,877164.62,5445.01281,5445.012810000001,0.46078431372549017,64.0
2025-01-01,96,282582.1,-9528.065345,-9528.065344999999,0.7083333333333334,66.0
2025-01-02,361,774674.84,8716.519087,8716.519087,0.296398891966759,70.0
2025-01-03,508,771208.99,6028.486793,6028.486793,0.33267716535433073,74.0
2025-01-04,371,1826029.6199999999,2553.537968,2553.537968,0.20485175202156333,73.0
2025-01-05,239,451943.57,3187.719363,3187.719363,0.2719665271966527,72.0
2025-01-06,573,556526.99,6064.185393,6064.185393,0.2582897033158813,76.0
2025-01-07,637,1313178.1,16098.227531,16098.227531,0.8822605965463108,78.0
2025-01-08,1039,3177275.18,130117.090554,130117.090554,0.7170356111645814,70.0
2025-01-09,522,1020733.25,46975.928902,46975.928902,0.3850574712643678,69.0
2025-01-10,819,6547449.68,-10116.875552,-10116.875551999998,0.4468864468864469,50.0
2025-01-11,283,1658098.71,2269.080536,2269.080536,0.5865724381625441,69.0
2025-01-12,602,2258459.17,5742.241803,5742.241802999999,0.1345514950166113,62.0
2025-01-13,408,2936648.0100000002,9655.429352,9655.429352,0.5882352941176471,61.0
2025-01-14,275,876581.97,16069.512355,16069.512355000003,0.33454545454545453,63.0
2025-01-15,267,1801599.8900000001,14819.5883,14819.5883,0.34831460674157305,70.0
2025-01-16,371,3049692.96,20807.709328,20807.709328,0.30727762803234504,75.0
2025-01-17,238,1110230.46,7006.415608,7006.415608,0.39915966386554624,75.0
2025-01-18,651,2711629.88,443.2330819999997,443.23308200000065,0.5422427035330261,77.0
2025-01-19,1567,9715215.3,87923.799302,87923.79930200001,0.5366943203573707,77.0
2025-01-20,1315,8287327.01,87277.239173,87277.239173,0.5741444866920152,76.0
2025-01-21,530,1523729.82,11077.839421,11077.839421,0.27358490566037735,76.0
2025-01-22,832,1778406.43,20524.408057,20524.408057,0.35697115384615385,84.0
2025-01-23,1218,3697028.66,101256.24216,101256.24216,0.4605911330049261,75.0
2025-01-24,874,1611433.45,10602.779738,10602.779738000001,0.4096109839816934,75.0
2025-01-25,506,1239377.7,-10348.016255999999,-10348.016255999999,0.6225296442687747,75.0
2025-01-26,451,1201173.66,40823.466668,40823.466667999994,0.3902439024390244,73.0
2025-01-27,773,1508028.31,41331.765392,41331.765392,0.6597671410090556,71.0
2025-01-28,498,579412.17,17979.613973,17979.613973,0.3152610441767068,72.0
2025-01-29,910,1897513.41,23421.01147,23421.011469999998,0.48131868131868133,72.0
2025-01-30,1067,3014397.17,23097.471385,23097.471385,0.25023430178069356,70.0
2025-01-31,1016,2783411.48,35868.296773,35868.296773,0.31791338582677164,76.0
2025-02-01,634,1363746.44,32300.205017,32300.205016999997,0.555205047318612,68.0
2025-02-02,1319,5661092.29,162854.759623,162854.759623,0.6315390447308568,60.0
2025-02-03,2380,22592901.37,348871.326269,348871.326269,0.4584033613445378,44.0
2025-02-04,2512,15678409.27,416876.88812,416876.88812,0.455015923566879,72.0
2025-02-05,1297,8743231.51,56706.235562,56706.23556200001,0.5312259059367772,54.0
2025-02-06,1703,2818508.87,33803.799733,33803.799733,0.6829125073399882,49.0
2025-02-07,1524,3460263.54,22450.002091,22450.002091000002,0.6279527559055118,44.0
2025-02-08,575,839734.97,586.703253,586.703253,0.7843478260869565,44.0
2025-02-09,764,2920919.7,150551.829492,150551.829492,0.5602094240837696,46.0
2025-02-10,889,3624958.44,63908.49465,63908.49464999999,0.4049493813273341,43.0
2025-02-11,848,2797544.17,-6093.784817,-6093.784817,0.4268867924528302,47.0
2025-02-12,1031,4143974.54,19848.635032,19848.635032,0.3937924345295829,46.0
2025-02-13,1370,3199852.21,27829.534238,27829.534238,0.43284671532846714,50.0
2025-02-14,1655,4007103.42,213860.675308,213860.675308,0.3214501510574018,48.0
2025-02-15,932,1712852.95,45042.92701,45042.92701,0.6148068669527897,50.0
2025-02-16,681,806177.64,2369.478425,2369.4784250000002,0.5066079295154186,54.0
2025-02-17,941,2031044.64,1818.573295,1818.573295,0.6620616365568545,51.0
2025-02-18,1676,3371128.68,91204.672403,91204.672403,0.6270883054892601,47.0
2025-02-19,1361,3263930.24,14985.794701,14985.794701,0.6348273328434975,44.0
2025-02-20,2012,4628609.29,46008.794102,46008.794102,0.39165009940357853,49.0
2025-02-21,1873,3972159.88,119693.49395,119693.49395,0.397223705285638,55.0
2025-02-22,686,3175570.2,25278.704178,25278.704178,0.5247813411078717,49.0
2025-02-23,520,1141310.74,10656.934251,10656.934251,0.5442307692307692,50.0
2025-02-24,5616,11223619.59,38470.176242,38470.176241999994,0.5795940170940171,49.0
2025-02-25,6246,19414984.36,204762.177034,204762.17703399996,0.6781940441882806,25.0
2025-02-26,1176,4946958.13,63229.063129,63229.063128999995,0.32908163265306123,21.0
2025-02-27,890,1999898.43,-36525.167517,-36525.167517,0.45617977528089887,10.0
2025-02-28,1019,4123660.77,225628.108748,225628.10874800003,0.5201177625122669,16.0
2025-03-01,174,263824.13,10596.108968,10596.108968,0.603448275862069,20.0
2025-03-02,532,6460848.74,66914.320708,66914.320708,0.5150375939849624,26.0
2025-03-03,1482,8244590.38,616413.032233,616413.0322329999,0.7213225371120108,33.0
2025-03-04,2402,11124247.15,182075.566585,182075.56658499996,0.7277268942547876,15.0
2025-03-05,1660,9193654.22,269328.365917,269328.365917,0.22590361445783133,20.0
2025-03-06,760,6765324.96,16101.125561,16101.125560999999,0.4881578947368421,25.0
2025-03-07,2552,19854275.48,150236.061627,150236.061627,0.4807993730407524,34.0
2025-03-08,529,892083.51,24700.773359,24700.773359,0.5444234404536862,28.0
2025-03-09,1422,10419697.99,19773.457395,19773.457394999998,0.6659634317862166,27.0
2025-03-10,2911,16811790.68,-10010.027269999999,-10010.027270000006,0.539333562349708,20.0
2025-03-11,3286,14016952.09,-76880.729036,-76880.729036,0.6451612903225806,24.0
2025-03-12,3968,18618139.15,288105.984215,288105.984215,0.41507056451612906,34.0
2025-03-13,962,3285591.22,14114.870873,14114.870873000002,0.4864864864864865,45.0
2025-03-14,2210,8047187.16,68646.160089,68646.16008900001,0.1343891402714932,27.0
2025-03-15,261,2355749.54,78694.624572,78694.62457200002,0.5900383141762452,46.0
2025-03-16,530,10187921.51,-7910.943544999999,-7910.943544999996,0.5735849056603773,30.0
2025-03-17,920,3592895.05,26163.906513,26163.906512999998,0.525,32.0
2025-03-18,834,4050655.47,72322.788824,72322.788824,0.4088729016786571,34.0
2025-03-19,1612,4598813.57,29374.682341,29374.682341000003,0.34925558312655086,32.0
2025-03-20,771,1652257.93,10246.859436,10246.859435999999,0.3086900129701686,49.0
2025-03-21,698,2543903.39,6951.270374,6951.270374,0.49570200573065903,31.0
2025-03-22,535,971809.42,12498.535254,12498.535253999999,0.41495327102803736,32.0
2025-03-23,447,2593519.67,14047.421585,14047.421585,0.6487695749440716,30.0
2025-03-24,1027,3017587.05,107878.961301,107878.961301,0.2074001947419669,45.0
2025-03-25,791,5372519.77,32030.90678,32030.906779999998,0.5335018963337548,46.0
2025-03-26,3102,7597754.37,15802.167427,15802.167427,0.5074145712443585,47.0
2025-03-27,785,3240279.46,58825.359221,58825.359221,0.6038216560509554,40.0
2025-03-28,728,1483092.61,21337.179335,21337.179335,0.7321428571428571,44.0
2025-03-29,1894,3668151.83,12098.872931,12098.872931000002,0.5263991552270327,26.0
2025-03-30,568,2850874.96,15795.11514,15795.115140000002,0.8415492957746479,32.0
2025-03-31,495,2164772.4699999997,6978.184557,6978.1845570000005,0.43232323232323233,34.0
2025-04-01,192,704445.1900000001,-2202.6622420000003,-2202.662242000001,0.4791666666666667,34.0
2025-04-02,1076,3867930.6,202212.740938,202212.74093800003,0.11895910780669144,44.0
2025-04-03,1748,8670233.15,-2365.961276,-2365.961276,0.5469107551487414,25.0
2025-04-04,1272,3835545.73,-25515.678949999998,-25515.67895,0.3922955974842767,28.0
2025-04-05,360,1267564.22,35907.33771,35907.33771,0.38333333333333336,30.0
2025-04-06,1048,3551252.06,47053.449272,47053.449272,0.6469465648854962,34.0
2025-04-07,2814,14460253.14,34527.370305,34527.37030499998,0.5028429282160626,23.0
2025-04-08,943,8869391.4,34899.394798,34899.394798,0.4559915164369035,24.0
2025-04-09,3967,28556806.47,43120.444797,43120.444797000004,0.44466851525081924,18.0
2025-04-10,2127,28741953.29,158261.822261,158261.82226100002,0.5345557122708039,39.0
2025-04-11,1096,11319327.07,126406.479081,126406.479081,0.2846715328467153,25.0
2025-04-12,2109,55914617.49,410419.694533,410419.694533,0.3793266951161688,43.0
2025-04-13,1321,14171154.79,48696.021521,48696.021521,0.5594246782740349,45.0
2025-04-14,890,13079972.98,45680.443063,45680.443063,0.5808988764044943,31.0
2025-04-15,1131,20752168.24,72357.706282,72357.706282,0.3041556145004421,38.0
2025-04-16,1608,36502715.9,58631.730257,58631.730257,0.5192786069651741,29.0
2025-04-17,1031,2604551.51,5427.919886,5427.919886000001,0.33074684772065954,30.0
2025-04-18,1894,24610650.46,4880.4047439999995,4880.4047439999995,0.3986272439281943,33.0
2025-04-19,2786,32706462.71,71950.577495,71950.577495,0.35857860732232594,32.0
2025-04-20,1982,12126094.05,25060.341936,25060.341936000004,0.5443995963673057,37.0
2025-04-21,1718,42104054.84,34369.267906999994,34369.267907,0.35157159487776485,39.0
2025-04-22,2998,33753625.24,58652.763578,58652.76357799999,0.47364909939959976,47.0
2025-04-23,6159,30682443.79,-419020.225731,-419020.225731,0.6848514369215781,72.0
2025-04-24,2232,35088918.64,50704.395965,50704.395965,0.5479390681003584,63.0
2025-04-25,1653,27749455.78,20218.859206,20218.859206,0.41197822141560797,60.0
2025-04-26,1131,11948127.77,-4125.753942,-4125.753941999999,0.5340406719717065,65.0
2025-04-27,337,487537.69,2702.067468,2702.067468,0.6201780415430267,61.0
2025-04-28,1379,26124921.49,36906.813759,36906.813759,0.47280638143582304,54.0
2025-04-29,2243,34089511.66,125749.613427,125749.613427,0.49264378065091396,60.0
2025-04-30,1113,12693878.85,14003.797269,14003.797269,0.7529200359389039,56.0
2025-05-01,1230,10720240.52,54536.829297000004,54536.829297000004,0.5577235772357724,53.0
